name,city,activity_name,category,time_slot,indoor_outdoor,seasons,weather_suitability,description,max_useful_days,lat,lon
Zurich - Old Town Walking Tour,Zurich,Old Town Walking Tour,Culture & History,Morning|Afternoon,outdoor,spring|summer|fall,clear|rainy,Explore the medieval Lindenhügel and Niederdorf quarters with guild houses and painted fountains.,7,47.372600,8.542200
Zurich - Lake Zurich Boat Trip,Zurich,Lake Zurich Boat Trip,Outdoor & Nature,Afternoon,outdoor,spring|summer,clear,Scenic cruise on Lake Zurich with views of the Alps and the city skyline.,7,47.363700,8.542100
Zurich - Kunsthaus Museum,Zurich,Kunsthaus Museum,Culture & History,Morning|Afternoon,indoor,spring|summer|fall|winter,any,One of Switzerland's premier art museums with works from Monet to Giacometti and a new extension.,7,47.370400,8.548600
Zurich - Thermalbad & Spa,Zurich,Thermalbad & Spa,Relaxation & Wellness,Morning|Afternoon|Evening,indoor,spring|summer|fall|winter,any,Historic brewery converted into a rooftop thermal bath with Roman-Irish ritual bathing and city views.,7,47.363700,8.520000
Zurich - Langstrasse Bar & Club Night,Zurich,Langstrasse Bar & Club Night,Nightlife & Entertainment,Evening,both,spring|summer|fall|winter,any,Zurich's most vibrant nightlife strip packed with dive bars craft cocktail spots and techno clubs.,7,47.377400,8.525900
Zurich - Uetliberg Sunrise Hike,Zurich,Uetliberg Sunrise Hike,Outdoor & Nature,Morning,outdoor,spring|summer|fall,clear,Early morning hike to Zurich's local mountain for panoramic city and lake views at dawn.,7,47.353000,8.491500
Zurich - Swiss National Museum,Zurich,Swiss National Museum,Culture & History,Morning|Afternoon,indoor,spring|summer|fall|winter,any,Switzerland's largest cultural history museum housed in a castle-like building near the main station.,7,47.378600,8.539900
Zurich - Fondue Dinner at Zeughauskeller,Zurich,Fondue Dinner at Zeughauskeller,Food & Drink,Evening,indoor,spring|summer|fall|winter,any,Classic Swiss fondue and raclette in a historic 15th-century armoury in the heart of the city.,7,47.374200,8.541200
Zurich - Street Food Market at Hardturm,Zurich,Street Food Market at Hardturm,Food & Drink,Afternoon|Evening,outdoor,spring|summer|fall,clear|rainy,Rotating food markets and pop-ups near the Limmat river with dozens of street food cuisines.,7,47.389300,8.518800
Zurich - Zurich Zoo,Zurich,Zurich Zoo,Outdoor & Nature,Morning|Afternoon,both,spring|summer|fall,clear|rainy,One of Europe's top zoos with a vast Masoala rainforest hall and Kaeng Krachan elephant park.,7,47.383900,8.573700
Zurich - Lindt Home of Chocolate,Zurich,Lindt Home of Chocolate,Food & Drink,Morning|Afternoon,indoor,spring|summer|fall|winter,any,Immersive chocolate museum with a 9m chocolate fountain tasting bars and the history of Swiss chocolate.,7,47.323100,8.542600
Zurich - WOW Museum,Zurich,WOW Museum,Culture & History,Morning|Afternoon,indoor,spring|summer|fall|winter,any,Interactive art and illusion museum with kaleidoscope rooms mirror mazes and photo-worthy installations.,7,47.376000,8.542000
Zurich - Lake Zurich Swimming at Strandbad,Zurich,Lake Zurich Swimming at Strandbad,Outdoor & Nature,Morning|Afternoon,outdoor,summer,clear,Swim in the lake from one of Zurich's beloved open-air lido beaches on the shores of the Zürichsee.,7,47.349000,8.529500
Zurich - City Bike Tour,Zurich,City Bike Tour,Outdoor & Nature,Morning|Afternoon,outdoor,spring|summer|fall,clear,Guided cycling tour covering the Old Town riverside districts and lakeside promenades on a city bike.,7,47.376900,8.541700
Zurich - Museum Rietberg,Zurich,Museum Rietberg,Culture & History,Morning|Afternoon,indoor,spring|summer|fall|winter,any,Outstanding collection of non-European art in a lakeside villa surrounded by a sculpture park.,7,47.359800,8.535500
Zurich - Hürlimann Brewery & Beer Tasting,Zurich,Hürlimann Brewery & Beer Tasting,Food & Drink,Afternoon|Evening,indoor,spring|summer|fall|winter,any,Tour of the historic Hürlimann brewery complex followed by craft beer tasting in the cellar bar.,7,47.363700,8.520000
Zurich - Cabaret Voltaire & Dada Tour,Zurich,Cabaret Voltaire & Dada Tour,Culture & History,Morning|Afternoon,indoor,spring|summer|fall|winter,any,Visit the birthplace of the Dada art movement in the Niederdorf and explore the provocative permanent collection.,7,47.372600,8.543000
Zurich - Bürkliplatz Flea Market,Zurich,Bürkliplatz Flea Market,Food & Drink,Morning,outdoor,spring|summer|fall,clear,Zurich's most popular lakeside flea market with antiques vintage clothing street snacks and local finds.,7,47.363700,8.542500
Zurich - Dolder Ice Rink,Zurich,Dolder Ice Rink,Adventure & Sports,Morning|Afternoon,outdoor,winter,clear|snowy,Skate on Europe's largest natural outdoor ice rink with stunning panoramic views over the city.,7,47.375000,8.572200
Zurich - Kreis 5 Gallery & Bar Hop,Zurich,Kreis 5 Gallery & Bar Hop,Nightlife & Entertainment,Evening,both,spring|summer|fall|winter,any,Zurich's creative industrial district: art galleries design shops and some of the city's coolest bars.,7,47.385300,8.526000
Zurich - Zurich Old Town Food Tour,Zurich,Zurich Old Town Food Tour,Food & Drink,Morning|Afternoon,both,spring|summer|fall|winter,any,Guided tasting walk through the Old Town sampling Swiss street food cheese chocolate and local wine.,7,47.372600,8.542200
Zurich - Zurich Design Museum,Zurich,Zurich Design Museum,Culture & History,Morning|Afternoon,indoor,spring|summer|fall|winter,any,Swiss design and applied arts museum exploring industrial design furniture and graphic arts across changing exhibitions.,3,47.365900,8.544200
Zurich - Haus Konstruktiv,Zurich,Haus Konstruktiv,Culture & History,Morning|Afternoon,indoor,spring|summer|fall|winter,any,International museum dedicated to constructivist concrete and conceptual art housed in a former power station.,3,47.373700,8.530200
Zurich - FIFA World Football Museum,Zurich,FIFA World Football Museum,Culture & History,Morning|Afternoon,indoor,spring|summer|fall|winter,any,Immersive museum tracing the global history of football with interactive exhibits trophies and iconic memorabilia.,3,47.356900,8.525900
Zurich - Fraumünster Stained-Glass Tour,Zurich,Fraumünster Stained-Glass Tour,Culture & History,Morning|Afternoon,indoor,spring|summer|fall|winter,any,Guided visit to Zurich's 9th-century abbey church famous for its five breathtaking stained-glass windows by Marc Chagall.,3,47.370300,8.541300
Zurich - Migros Museum of Contemporary Art,Zurich,Migros Museum of Contemporary Art,Culture & History,Morning|Afternoon,indoor,spring|summer|fall|winter,any,One of Switzerland's leading contemporary art institutions with rotating international exhibitions in the Löwenbräu arts complex.,3,47.385300,8.526000
Zurich - Johann Jacobs Museum,Zurich,Johann Jacobs Museum,Culture & History,Morning|Afternoon,indoor,spring|summer|fall|winter,any,Elegant villa museum exploring the cultural history of coffee from the spice routes to the modern café.,3,47.361900,8.548600
Zurich - Museum Bellerive,Zurich,Museum Bellerive,Culture & History,Morning|Afternoon,indoor,spring|summer|fall|winter,any,Applied arts and design museum in a lakeside villa presenting Swiss and international craft jewellery and textile design.,3,47.352000,8.552900
Zurich - Villa Wesendonck Walk,Zurich,Villa Wesendonck Walk,Culture & History,Morning|Afternoon,outdoor,spring|summer|fall,clear|rainy,Stroll the park surrounding the neoclassical villa that inspired Wagner's Wesendonck Lieder with views over Lake Zurich.,2,47.359800,8.535500
Zurich - Zurich University Architectural Tour,Zurich,Zurich University Architectural Tour,Culture & History,Morning|Afternoon,outdoor,spring|summer|fall|winter,clear|rainy,Self-guided walk through ETH and University of Zurich campuses taking in their grand 19th-century and modernist buildings.,2,47.376100,8.548100
Zurich - Grossmünster Tower Climb,Zurich,Grossmünster Tower Climb,Culture & History,Morning|Afternoon,outdoor,spring|summer|fall|winter,clear,Climb the twin towers of Zurich's iconic Romanesque cathedral for sweeping panoramic views over the rooftops and lake.,3,47.370300,8.543800
Zurich - Strauhof Literature Museum,Zurich,Strauhof Literature Museum,Culture & History,Morning|Afternoon,indoor,spring|summer|fall|winter,any,Intimate literary museum in the Old Town dedicated to Swiss and international literature with immersive thematic exhibitions.,2,47.374200,8.541400
Zurich - Albisgütli Forest Walk,Zurich,Albisgütli Forest Walk,Outdoor & Nature,Morning|Afternoon,outdoor,spring|summer|fall,clear|rainy,Peaceful woodland trail on the Albis ridge southwest of the city with shaded paths and occasional viewpoints over Zurich.,2,47.338300,8.505200
Zurich - Käferberg Vineyard Stroll,Zurich,Käferberg Vineyard Stroll,Outdoor & Nature,Morning|Afternoon,outdoor,spring|summer|fall,clear,Walk through working urban vineyards on the Käferberg hillside above Höngg with fine views over the city and Limmat valley.,2,47.396400,8.504000
Zurich - Zurich Botanical Garden,Zurich,Zurich Botanical Garden,Outdoor & Nature,Morning|Afternoon,outdoor,spring|summer|fall,clear|rainy,University of Zurich's botanical garden with thousands of plant species tropical greenhouses and a tranquil rock garden.,2,47.359700,8.554600
Zurich - Fluntern Cemetery & Joyce Grave,Zurich,Fluntern Cemetery & Joyce Grave,Culture & History,Morning|Afternoon,outdoor,spring|summer|fall|winter,clear|rainy,Visit the atmospheric hilltop cemetery where James Joyce and Elias Canetti are buried alongside a small stone lion statue.,1,47.378200,8.563600
Zurich - Greifensee Lakeside Walk,Zurich,Greifensee Lakeside Walk,Outdoor & Nature,Morning|Afternoon,outdoor,spring|summer|fall,clear,Circular trail around the protected Greifensee lake east of Zurich: wetlands herons and medieval Greifensee village.,3,47.362600,8.679900
Zurich - Limmat River Kayak,Zurich,Limmat River Kayak,Outdoor & Nature,Morning|Afternoon,outdoor,spring|summer,clear,Paddle a kayak along the Limmat from the lake through the city centre taking in the Old Town skyline from the water.,2,47.376900,8.541700
Zurich - Zurich Rooftop Urban Hike,Zurich,Zurich Rooftop Urban Hike,Outdoor & Nature,Morning|Afternoon,outdoor,spring|summer|fall,clear,Guided walk linking Zurich's best hilltop viewpoints: Lindenhügel Waid Käferberg and Zürichberg in one urban traverse.,2,47.382600,8.532000
Zurich - Waid Viewpoint Sunrise,Zurich,Waid Viewpoint Sunrise,Outdoor & Nature,Morning,outdoor,spring|summer|fall,clear,Early morning walk up to the Waid restaurant terrace for what locals call Zurich's finest panorama over the city and lake.,1,47.396400,8.505200
Zurich - Uitikon Animal Park,Zurich,Uitikon Animal Park,Outdoor & Nature,Morning|Afternoon,outdoor,spring|summer|fall,clear|rainy,Family-friendly hillside animal park with deer wild boar bison and native Swiss wildlife in spacious forest enclosures.,2,47.362200,8.463400
Zurich - Fischermätteli Pond Walk,Zurich,Fischermätteli Pond Walk,Outdoor & Nature,Morning|Afternoon,outdoor,spring|summer|fall,clear|rainy,Quiet neighbourhood park in Aussersihl with a small pond ducks and locals going about their day: an unhurried Zurich.,1,47.371700,8.513600
Zurich - Langstrasse Craft Beer Crawl,Zurich,Langstrasse Craft Beer Crawl,Food & Drink,Afternoon|Evening,indoor,spring|summer|fall|winter,any,Self-guided tour of Langstrasse's best craft beer bars from Turbinenplatz to Helvetiaplatz sampling local Swiss brews.,2,47.377400,8.525900
Zurich - Brunch at Café Sprüngli,Zurich,Brunch at Café Sprüngli,Food & Drink,Morning,indoor,spring|summer|fall|winter,any,Legendary Swiss confiserie on Paradeplatz: classic Luxemburgerli macarons hot chocolate and impeccable pastries since 1836.,2,47.370600,8.538700
Zurich - Viadukt Market Hall Visit,Zurich,Viadukt Market Hall Visit,Food & Drink,Morning|Afternoon,indoor,spring|summer|fall|winter,any,Converted railway arches in Kreis 5 housing artisan food stalls design shops and a Saturday fresh produce market.,2,47.385600,8.525900
Zurich - Wine Tasting Rämistrasse,Zurich,Wine Tasting Rämistrasse,Food & Drink,Afternoon|Evening,indoor,spring|summer|fall|winter,any,Guided Swiss wine tasting in a specialist wine merchant near the university quarter focusing on Zurich canton reds and whites.,2,47.373100,8.548100
Zurich - Rooftop Aperitivo Frau Gerolds Garten,Zurich,Rooftop Aperitivo Frau Gerolds Garten,Food & Drink,Afternoon|Evening,outdoor,spring|summer|fall,clear,Beloved open-air bar and garden in the Viadukt arches of Kreis 5: aperitivo cocktails street food and a festival atmosphere.,2,47.387100,8.527000
Zurich - Zurich Turkish Market Sihlquai,Zurich,Zurich Turkish Market Sihlquai,Food & Drink,Morning,outdoor,spring|summer|fall,clear,Weekly riverside street market selling Turkish and Mediterranean produce olives spices fresh bread and cheap street snacks.,1,47.379700,8.528100
Zurich - Migros Cookery Workshop,Zurich,Migros Cookery Workshop,Food & Drink,Morning|Afternoon|Evening,indoor,spring|summer|fall|winter,any,Hands-on Swiss and international cooking classes at Zurich's Migros Klubschule: beginner to advanced levels available.,2,47.376900,8.541700
Zurich - Bürkliplatz Farmers Market,Zurich,Bürkliplatz Farmers Market,Food & Drink,Morning,outdoor,spring|summer|fall,clear,Zurich's premier Tuesday and Friday farmers market by the lake: seasonal produce regional cheeses flowers and fresh juice.,2,47.363700,8.542500
Zurich - Swiss Cheese Cellar Tour Niederdorf,Zurich,Swiss Cheese Cellar Tour Niederdorf,Food & Drink,Morning|Afternoon,indoor,spring|summer|fall|winter,any,Guided tasting tour through a specialist cheese cellar in the Niederdorf quarter sampling aged Gruyère Appenzeller and Raclette.,2,47.372600,8.542200
Bern - Old Town Walking Tour,Bern,Old Town Walking Tour,Culture & History,Morning|Afternoon,outdoor,spring|summer|fall,clear|rainy,UNESCO-listed medieval arcades clock tower and painted fountains in Switzerland's federal capital.,4,46.948300,7.447400
Bern - Federal Palace Tour,Bern,Federal Palace Tour,Culture & History,Morning|Afternoon,both,spring|summer|fall|winter,any,Free guided tours of Switzerland's parliament building under its landmark sandstone dome.,4,46.946600,7.443600
Bern - Bear Park,Bern,Bear Park,Outdoor & Nature,Morning|Afternoon,outdoor,spring|summer|fall,clear,Watch Bern's heraldic bears roam freely in a spacious riverside natural enclosure below the Old Town.,4,46.947600,7.460000
Bern - Rose Garden Viewpoint,Bern,Rose Garden Viewpoint,Outdoor & Nature,Morning|Afternoon,outdoor,spring|summer,clear,Elevated terraced park with 200 rose varieties and the most celebrated panoramic view over the Old Town.,4,46.955400,7.453000
Bern - Aare River Float,Bern,Aare River Float,Outdoor & Nature,Afternoon,outdoor,summer,clear,Iconic local experience of floating down the crystal-clear turquoise Aare through the city with locals.,4,46.952600,7.444600
Bern - Bern Historical Museum,Bern,Bern Historical Museum,Culture & History,Morning|Afternoon,indoor,spring|summer|fall|winter,any,Switzerland's second largest historical museum including the world-class Einstein Museum on the ground floor.,4,46.939800,7.441300
Bern - Gurten Hill Walk,Bern,Gurten Hill Walk,Outdoor & Nature,Morning|Afternoon,outdoor,spring|summer|fall,clear,Bern's local mountain reachable by funicular with a children's park woodland trails and broad Alpine views.,4,46.922600,7.434200
Bern - Restaurant Hopping in Old Town,Bern,Restaurant Hopping in Old Town,Food & Drink,Evening,both,spring|summer|fall|winter,any,Sample Bernese classics: rösti bärner plättli and local craft beer in the arcaded Old Town restaurants.,4,46.948300,7.447400
Bern - Bern E-Bike City Tour,Bern,Bern E-Bike City Tour,Outdoor & Nature,Morning|Afternoon,outdoor,spring|summer|fall,clear,Guided e-bike tour covering the Old Town rose garden Aare loop and the Marzili district.,4,46.948300,7.447400
Bern - Zytglogge Clock Tower Tour,Bern,Zytglogge Clock Tower Tour,Culture & History,Morning|Afternoon,indoor,spring|summer|fall|winter,any,Guided access inside Bern's medieval clock tower to see the 500-year-old astronomical mechanism.,4,46.947900,7.447400
Bern - Bern Cheese & Wine Evening,Bern,Bern Cheese & Wine Evening,Food & Drink,Evening,indoor,spring|summer|fall|winter,any,Private tasting of Swiss regional cheeses paired with Bernese wines in a traditional wine cellar.,4,46.948300,7.447400
Bern - Kunstmuseum Bern,Bern,Kunstmuseum Bern,Culture & History,Morning|Afternoon,indoor,spring|summer|fall|winter,any,Switzerland's oldest art museum with works spanning 800 years including Paul Klee and Ferdinand Hodler.,4,46.945200,7.448600
Bern - Bern Puppentheater Evening,Bern,Bern Puppentheater Evening,Nightlife & Entertainment,Evening,indoor,spring|summer|fall|winter,any,Intimate puppet theatre in the Old Town staging classic and contemporary productions for adults and families alike.,2,46.948300,7.447400
Bern - Zentrum Paul Klee Deep Dive,Bern,Zentrum Paul Klee Deep Dive,Culture & History,Morning|Afternoon,indoor,spring|summer|fall|winter,any,Renzo Piano-designed wave-shaped museum holding the world's largest Paul Klee collection with over 4000 works and rotating themes.,3,46.930400,7.474800
Bern - Bern Bear History Walk,Bern,Bern Bear History Walk,Culture & History,Morning|Afternoon,outdoor,spring|summer|fall,clear|rainy,Guided walk tracing Bern's 500-year relationship with its heraldic bear from the Zähringen fountain to the modern Bear Park.,2,46.947600,7.460000
Bern - Bundeshaus Dome Access Tour,Bern,Bundeshaus Dome Access Tour,Culture & History,Morning|Afternoon,indoor,spring|summer|fall|winter,any,Free guided tour inside Switzerland's parliament building including the stunning mosaic dome chamber and gallery of cantonal shields.,2,46.946600,7.443600
Bern - Bern Municipal Gallery,Bern,Bern Municipal Gallery,Culture & History,Morning|Afternoon,indoor,spring|summer|fall|winter,any,City-owned contemporary art space in the Old Town presenting emerging and established Swiss artists in intimate exhibitions.,2,46.948300,7.447400
Bern - Bern Old Town Lantern Tour,Bern,Bern Old Town Lantern Tour,Culture & History,Evening,outdoor,spring|summer|fall|winter,clear|rainy,Evening guided walk through the UNESCO-listed arcades and medieval lanes by lantern light revealing hidden courtyards and guild history.,2,46.948300,7.447400
Bern - Münster Crypt Visit,Bern,Münster Crypt Visit,Culture & History,Morning|Afternoon,indoor,spring|summer|fall|winter,any,Descend into the medieval crypt beneath Bern's Gothic cathedral to see tomb slabs carved stonework and early ecclesiastical history.,1,46.946600,7.450800
Bern - Kramgasse Einstein Apartment,Bern,Kramgasse Einstein Apartment,Culture & History,Morning|Afternoon,indoor,spring|summer|fall|winter,any,Visit the apartment where Albert Einstein lived while working at the patent office and developing his theory of special relativity.,2,46.947900,7.449700
Bern - Bern Carnival Museum,Bern,Bern Carnival Museum,Culture & History,Morning|Afternoon,indoor,spring|summer|fall|winter,any,Small dedicated museum exploring the history of Bern's Fasnacht carnival with costumes masks floats and archive footage.,1,46.948300,7.447400
Bern - Swiss Alpine Club Museum,Bern,Swiss Alpine Club Museum,Culture & History,Morning|Afternoon,indoor,spring|summer|fall|winter,any,Documents the history of Swiss mountaineering and the Alpine Club founded in 1863 with equipment maps and expedition diaries.,2,46.945200,7.448600
Bern - Aare Gorge Aareschlucht Day Trip,Bern,Aare Gorge Aareschlucht Day Trip,Outdoor & Nature,Morning|Afternoon,outdoor,spring|summer|fall,clear|rainy,Spectacular narrow limestone gorge carved by the Aare east of Meiringen: walkways thread through 200m rock walls above turquoise water.,3,46.716700,8.216700
Bern - Bern Rooftop Garden Schönberg,Bern,Bern Rooftop Garden Schönberg,Outdoor & Nature,Morning|Afternoon,outdoor,spring|summer|fall,clear,Community rooftop gardens on the Schönberg hill with allotments wildflower patches and quiet views over the Bernese Alps.,1,46.955400,7.453000
Bern - Marzili Riverside Sunbathe,Bern,Marzili Riverside Sunbathe,Outdoor & Nature,Afternoon,outdoor,spring|summer,clear,Bern's legendary free open-air lido on the Aare beneath the Bundeshaus: locals sunbathe swim and float the river all summer.,2,46.939800,7.443800
Bern - Elfenau Park Ramble,Bern,Elfenau Park Ramble,Outdoor & Nature,Morning|Afternoon,outdoor,spring|summer|fall,clear|rainy,Aristocratic English landscape garden on the Aare bend east of the city with old trees a rose garden and riverside meadows.,2,46.926600,7.480700
Bern - Köniz Forest Walk,Bern,Köniz Forest Walk,Outdoor & Nature,Morning|Afternoon,outdoor,spring|summer|fall,clear|rainy,Extensive beech and fir forest southwest of Bern with well-marked trails stream crossings and a monastery church at Köniz village.,2,46.922600,7.410200
Bern - Bern Botanical Garden,Bern,Bern Botanical Garden,Outdoor & Nature,Morning|Afternoon,outdoor,spring|summer|fall,clear|rainy,University of Bern's botanical garden with Alpine rock gardens tropical houses and one of Switzerland's finest succulent collections.,2,46.945200,7.436100
Bern - Belp River Cycle,Bern,Belp River Cycle,Outdoor & Nature,Morning|Afternoon,outdoor,spring|summer|fall,clear,Flat cycle route along the Aare from Bern south through farmland to Belp and back: easy half-day with mountain panoramas.,2,46.891200,7.497000
Bern - Bantiger Summit Hike,Bern,Bantiger Summit Hike,Outdoor & Nature,Morning|Afternoon,outdoor,spring|summer|fall,clear,Bern's eastern viewpoint hill at 947m: a two-hour hike through forest to a telecommunications tower with Alps and Jura views.,2,46.964800,7.538200
Bern - Bern Birdwatching Wohlensee,Bern,Bern Birdwatching Wohlensee,Outdoor & Nature,Morning,outdoor,spring|summer|fall,clear,Wohlensee reservoir northwest of Bern is a prime birdwatching site for grebes cormorants kingfishers and migrating waders.,2,46.983300,7.366700
Bern - Bern Market Day Waisenhausplatz,Bern,Bern Market Day Waisenhausplatz,Food & Drink,Morning,outdoor,spring|summer|fall,clear|rainy,Bern's main twice-weekly street market filling the Waisenhausplatz with farmers vegetables flowers honey and regional produce.,1,46.950400,7.444800
Bern - Münstergasse Wine Bar Evening,Bern,Münstergasse Wine Bar Evening,Food & Drink,Evening,indoor,spring|summer|fall|winter,any,The arcaded Münstergasse hosts several outstanding wine bars specialising in Swiss Romand and Bernese Pinot Noir by the glass.,2,46.946600,7.450800
Bern - Bern Craft Beer Brewery Tour,Bern,Bern Craft Beer Brewery Tour,Food & Drink,Afternoon|Evening,indoor,spring|summer|fall|winter,any,Guided tour of one of Bern's emerging craft breweries in the Lorraine or Breitenrain district with tasting flight included.,2,46.956600,7.447400
Bern - Bernese Rösti Cooking Class,Bern,Bernese Rösti Cooking Class,Food & Drink,Morning|Afternoon,indoor,spring|summer|fall|winter,any,Hands-on cooking class learning to make perfect Bernese rösti with onions bacon and local cheese from a professional chef.,2,46.948300,7.447400
Bern - Bern Chocolate Atelier Workshop,Bern,Bern Chocolate Atelier Workshop,Food & Drink,Morning|Afternoon,indoor,spring|summer|fall|winter,any,Small-group workshop at a Bern chocolate atelier: temper couverture make pralines and take home your creations.,2,46.948300,7.447400
Bern - Gurtenbier Brewery Visit,Bern,Gurtenbier Brewery Visit,Food & Drink,Afternoon,indoor,spring|summer|fall|winter,any,Tour Bern's beloved local brewery at the foot of the Gurten hill with a tasting of their lager weizen and seasonal specials.,2,46.922600,7.434200
Bern - Bern Fondue Boat on the Aare,Bern,Bern Fondue Boat on the Aare,Food & Drink,Evening,outdoor,spring|summer|fall,clear,Leisurely dinner boat on the Aare serving traditional Swiss fondue as it drifts past the illuminated Old Town skyline.,2,46.952600,7.444600
Bern - Rosengarten Café Afternoon,Bern,Rosengarten Café Afternoon,Food & Drink,Afternoon,outdoor,spring|summer,clear,Linger over coffee and cake at the Rosengarten restaurant terrace with the best view in Bern over the medieval Old Town loop.,2,46.955400,7.453000
Bern - Dampfzentrale Concert Bern,Bern,Dampfzentrale Concert Bern,Nightlife & Entertainment,Evening,indoor,spring|summer|fall|winter,any,Bern's premier alternative arts venue in a converted steam power station: world music jazz electronica and contemporary dance.,2,46.943800,7.467600
Bern - Bern Jazz Festival Evening,Bern,Bern Jazz Festival Evening,Nightlife & Entertainment,Evening,both,spring,any,Switzerland's largest jazz festival held each May in the Old Town with outdoor stages club venues and free street performances.,3,46.948300,7.447400
Bern - ONO Music Club Night,Bern,ONO Music Club Night,Nightlife & Entertainment,Evening,indoor,spring|summer|fall|winter,any,Bern's leading electronic music venue in the Reitschule cultural centre: underground techno house and experimental nights.,2,46.947700,7.440400
Bern - Bern Open-Air Cinema Summer,Bern,Bern Open-Air Cinema Summer,Nightlife & Entertainment,Evening,outdoor,summer,clear,Summer open-air film screenings at various Old Town and riverside locations with deckchairs a big screen and local food stalls.,2,46.948300,7.447400
Bern - Kapitel Bar Night Old Town,Bern,Kapitel Bar Night Old Town,Nightlife & Entertainment,Evening,indoor,spring|summer|fall|winter,any,Cosy bar in the Old Town vaults serving local craft beer natural wine and snacks in a stone-walled cellar atmosphere.,2,46.948300,7.447400
Bern - Mahogany Hall Swing Night,Bern,Mahogany Hall Swing Night,Nightlife & Entertainment,Evening,indoor,spring|summer|fall|winter,any,Bern's legendary jazz and swing venue in an intimate basement: live bands dancing and a programme running since the 1930s.,2,46.948300,7.447400
Bern - Bern Lorrainebad River Pool,Bern,Bern Lorrainebad River Pool,Relaxation & Wellness,Morning|Afternoon,outdoor,summer,clear,Beloved open-air river pool on the Aare in the Lorraine neighbourhood: locals float swim and sunbathe on the grass terraces.,2,46.956600,7.440400
Bern - Marzili Open-Air Pool Afternoon,Bern,Marzili Open-Air Pool Afternoon,Relaxation & Wellness,Afternoon,outdoor,summer,clear,Bern's iconic free riverside lido below the parliament building: natural Aare swimming pool with lawns and city views.,2,46.939800,7.443800
Bern - Bern Spa at Hotel Schweizerhof,Bern,Bern Spa at Hotel Schweizerhof,Relaxation & Wellness,Morning|Afternoon|Evening,indoor,spring|summer|fall|winter,any,Luxurious hotel spa in the heart of Bern offering pool sauna steam room and a full treatment menu steps from the train station.,2,46.948800,7.441300
Bern - Bern Forest Yoga Könizbergwald,Bern,Bern Forest Yoga Könizbergwald,Relaxation & Wellness,Morning,outdoor,spring|summer|fall,clear,Guided outdoor yoga session in the Könizbergwald forest southwest of Bern: early morning light through beech trees and birdsong.,2,46.922600,7.410200
Bern - Gurten Sunrise Meditation,Bern,Gurten Sunrise Meditation,Relaxation & Wellness,Morning,outdoor,spring|summer|fall,clear,Take the Gurtenbahn funicular before dawn and watch the sun rise over the Bernese Alps from Bern's local mountain at 858m.,1,46.922600,7.434200
Bern - Aare River Float Advanced Route,Bern,Aare River Float Advanced Route,Adventure & Sports,Afternoon,outdoor,summer,clear,Float the longer stretch of the Aare from Thun through Uttigen back to Bern: a full afternoon of crystal-clear glacier meltwater.,2,46.952600,7.444600
Bern - Bern Climbing Gym Magic Mountain,Bern,Bern Climbing Gym Magic Mountain,Adventure & Sports,Morning|Afternoon|Evening,indoor,spring|summer|fall|winter,any,Bern's largest indoor climbing and bouldering facility with routes for all levels a training board and equipment rental.,2,46.941700,7.399700
Bern - Gurten Toboggan Winter Run,Bern,Gurten Toboggan Winter Run,Adventure & Sports,Morning|Afternoon,outdoor,winter,clear|snowy,Bern's Gurten hill becomes a popular toboggan slope in winter: sledge down through the snow-covered forest above the city.,2,46.922600,7.434200
Bern - Bern E-Scooter City Dash,Bern,Bern E-Scooter City Dash,Adventure & Sports,Morning|Afternoon,outdoor,spring|summer|fall,clear,Explore Bern's compact layout by e-scooter: zip through the arcaded Old Town along the Aare banks and up to the Rosengarten.,1,46.948300,7.447400
Bern - Kiesgrube Slacklining Park,Bern,Kiesgrube Slacklining Park,Adventure & Sports,Morning|Afternoon,outdoor,spring|summer|fall,clear,Bern's urban slacklining hotspot at the Kiesgrube park: trees set up with lines of all lengths and a relaxed community vibe.,1,46.956600,7.447400
Lucerne - Chapel Bridge & Water Tower,Lucerne,Chapel Bridge & Water Tower,Culture & History,Morning|Afternoon,outdoor,spring|summer|fall,clear|rainy,Walk across Europe's oldest wooden covered bridge adorned with 17th-century painted panels inside.,3,47.051300,8.307800
Lucerne - Lake Lucerne Paddle Steamer Cruise,Lucerne,Lake Lucerne Paddle Steamer Cruise,Outdoor & Nature,Afternoon,outdoor,spring|summer,clear,Historic Belle Époque paddle steamer cruising the fjord-like lake surrounded by towering Alps.,3,47.050400,8.309400
Lucerne - Mount Pilatus Golden Round Trip,Lucerne,Mount Pilatus Golden Round Trip,Outdoor & Nature,Morning|Afternoon,outdoor,spring|summer|fall,clear,Classic round-trip combining the world's steepest cogwheel railway and a panoramic cable car descent.,3,46.978900,8.253200
Lucerne - Swiss Museum of Transport,Lucerne,Swiss Museum of Transport,Culture & History,Morning|Afternoon,indoor,spring|summer|fall|winter,any,Switzerland's most visited museum covering the complete history of trains planes automobiles and space.,3,47.051300,8.323400
Lucerne - Old Town & Lion Monument,Lucerne,Old Town & Lion Monument,Culture & History,Morning|Afternoon,outdoor,spring|summer|fall,clear|rainy,Explore Lucerne's painted facades and the deeply moving dying lion sculpture carved directly into rock.,3,47.056900,8.311000
Lucerne - Fasnacht Carnival,Lucerne,Fasnacht Carnival,Nightlife & Entertainment,Morning|Afternoon|Evening,both,winter,any,One of Switzerland's wildest carnival celebrations with masked processions loud music and elaborate costumes.,3,47.050200,8.309300
Lucerne - KKL Concert Evening,Lucerne,KKL Concert Evening,Culture & History,Evening,indoor,spring|summer|fall|winter,any,World-class classical music performance in Jean Nouvel's iconic lakeside concert hall.,3,47.049200,8.307200
Lucerne - Mount Rigi Excursion,Lucerne,Mount Rigi Excursion,Outdoor & Nature,Morning|Afternoon,outdoor,spring|summer|fall,clear,The Queen of the Mountains: cogwheel train or cable car to 1798m for sweeping views over six lakes.,3,47.056900,8.484000
Lucerne - Gletschergarten,Lucerne,Gletschergarten,Culture & History,Morning|Afternoon,both,spring|summer|fall,clear|rainy,Glacier garden with 20-million-year-old rock potholes a mirror maze and a relief map of Switzerland.,3,47.056900,8.311600
Lucerne - Lucerne Boat & Swim Day,Lucerne,Lucerne Boat & Swim Day,Outdoor & Nature,Afternoon,outdoor,summer,clear,Rent a paddleboat or kayak on the lake and swim from the public lido on the shores of the Vierwaldstättersee.,3,47.050400,8.309400
Lucerne - Rosengart Collection Picasso,Lucerne,Rosengart Collection Picasso,Culture & History,Morning|Afternoon,indoor,spring|summer|fall|winter,any,Outstanding private collection of Picasso and Paul Klee works donated to Lucerne: one of Switzerland's finest intimate art museums.,3,47.050200,8.306500
Lucerne - Historisches Museum Lucerne,Lucerne,Historisches Museum Lucerne,Culture & History,Morning|Afternoon,indoor,spring|summer|fall|winter,any,Lucerne's city history museum in a 16th-century armoury building with medieval artefacts guild objects and Fasnacht carnival treasures.,2,47.050200,8.309300
Lucerne - Lucerne Weinmarkt Fountain Walk,Lucerne,Lucerne Weinmarkt Fountain Walk,Culture & History,Morning|Afternoon,outdoor,spring|summer|fall|winter,clear|rainy,Stroll through Lucerne's most photogenic medieval square lined with painted guild houses and a Renaissance fountain at its centre.,1,47.050200,8.306500
Lucerne - Jesuit Church Interior Tour,Lucerne,Jesuit Church Interior Tour,Culture & History,Morning|Afternoon,indoor,spring|summer|fall|winter,any,Switzerland's first large baroque church on the Reuss riverbank: dazzling stucco ceiling frescoes and a serene pink and white interior.,1,47.050200,8.306500
Lucerne - Lucerne Music Festival Concert,Lucerne,Lucerne Music Festival Concert,Culture & History,Evening,indoor,summer|fall,any,World-renowned classical music festival held each August and September at the KKL with the finest international orchestras.,3,47.049200,8.307200
Lucerne - Bourbaki Panorama Painting,Lucerne,Bourbaki Panorama Painting,Culture & History,Morning|Afternoon,indoor,spring|summer|fall|winter,any,Immersive 112-metre circular panorama painting depicting the 1871 French army retreat into Switzerland: a unique historical spectacle.,2,47.050200,8.309300
Lucerne - Lucerne Old Town Night Walk,Lucerne,Lucerne Old Town Night Walk,Culture & History,Evening,outdoor,spring|summer|fall|winter,clear|rainy,Self-guided evening walk along the illuminated Reuss river past the Chapel Bridge painted facades and medieval water towers.,1,47.051300,8.307800
Lucerne - Am Rhyn House Picasso Prints,Lucerne,Am Rhyn House Picasso Prints,Culture & History,Morning|Afternoon,indoor,spring|summer|fall|winter,any,Historic patrician townhouse in the Old Town displaying a focused collection of late Picasso graphic works and linocuts.,2,47.050200,8.306500
Lucerne - Lucerne Carnival Costume Museum,Lucerne,Lucerne Carnival Costume Museum,Culture & History,Morning|Afternoon,indoor,spring|summer|fall|winter,any,Small dedicated museum exploring the history of Lucerne's wild Fasnacht carnival with elaborate masks costumes and parade archive.,1,47.050200,8.309300
Lucerne - Pilatus Sunset Hike Descent,Lucerne,Pilatus Sunset Hike Descent,Outdoor & Nature,Afternoon,outdoor,spring|summer|fall,clear,Take the cable car up and hike down the Tomlishorn ridge at dusk: golden light over the Alps and lake as the crowds thin out.,2,46.978900,8.253200
Lucerne - Vitznau Lakeside Walk,Lucerne,Vitznau Lakeside Walk,Outdoor & Nature,Morning|Afternoon,outdoor,spring|summer|fall,clear,Peaceful lake promenade in the small steamer village of Vitznau at the foot of the Rigi: gardens jetties and alpine reflections.,2,47.000000,8.483300
Lucerne - Bürgenstock Cliff Path,Lucerne,Bürgenstock Cliff Path,Outdoor & Nature,Morning|Afternoon,outdoor,spring|summer|fall,clear,Dramatic cliff-edge trail on the Bürgenstock plateau above the lake with sheer drops Europe's highest outdoor elevator and panoramas.,2,46.993500,8.387500
Lucerne - Weggis Lakeside Promenade,Lucerne,Weggis Lakeside Promenade,Outdoor & Nature,Morning|Afternoon,outdoor,spring|summer|fall,clear,Stroll the palm-lined promenade of sunny Weggis on Lake Lucerne: mild microclimate gardens boats and views to the Rigi.,2,47.016700,8.433300
Lucerne - Lake Lucerne Kayak Tour,Lucerne,Lake Lucerne Kayak Tour,Outdoor & Nature,Morning|Afternoon,outdoor,spring|summer,clear,Guided kayak tour on the fjord-like lake arms around Küssnacht and Gersau: turquoise water cliff faces and tiny lakeside chapels.,2,47.050400,8.309400
Lucerne - Küssnacht Am Rigi Village Walk,Lucerne,Küssnacht Am Rigi Village Walk,Outdoor & Nature,Morning|Afternoon,outdoor,spring|summer|fall,clear|rainy,Charming lakeside village north of Lucerne with a medieval hollow lane where William Tell ambushed Gessler according to legend.,2,47.083300,8.433300
Lucerne - Rigi Kaltbad Thermal Bath,Lucerne,Rigi Kaltbad Thermal Bath,Relaxation & Wellness,Morning|Afternoon,both,spring|summer|fall|winter,any,Mario Botta-designed outdoor thermal pools at 1438m on the Rigi: soak in warm mineral water with panoramic Alpine lake views.,3,47.056900,8.484000
Lucerne - Lucerne Spa Hotel Montana,Lucerne,Lucerne Spa Hotel Montana,Relaxation & Wellness,Morning|Afternoon|Evening,indoor,spring|summer|fall|winter,any,Hillside art deco hotel spa overlooking the city with indoor pool sauna steam room and a full treatment menu.,2,47.056900,8.311600
Lucerne - Lake Lucerne Paddleboard Morning,Lucerne,Lake Lucerne Paddleboard Morning,Relaxation & Wellness,Morning,outdoor,spring|summer|fall,clear,Stand-up paddleboard session on the glassy lake from the Lido with views of the Chapel Bridge skyline and distant Alps.,2,47.050400,8.309400
Lucerne - Weggis Wellness Retreat,Lucerne,Weggis Wellness Retreat,Relaxation & Wellness,Morning|Afternoon,indoor,spring|summer|fall|winter,any,Lakeside wellness hotel in the sunny Weggis microclimate offering thermal pools massage and yoga with lake views.,2,47.016700,8.433300
Lucerne - Tribschen Park Morning Yoga,Lucerne,Tribschen Park Morning Yoga,Relaxation & Wellness,Morning,outdoor,spring|summer|fall,clear,Outdoor yoga on the Tribschen peninsula where Wagner composed the Siegfried Idyll: lakeside meadows and mountain reflections.,1,47.039500,8.333000
Lucerne - Lucerne Old Town Fondue Crawl,Lucerne,Lucerne Old Town Fondue Crawl,Food & Drink,Evening,indoor,spring|summer|fall|winter,any,Evening hop between Lucerne's cosiest Old Town fondue restaurants sampling different regional styles from Fribourg to Appenzell.,2,47.051300,8.307800
Lucerne - Rathaus Brauerei Brewery Visit,Lucerne,Rathaus Brauerei Brewery Visit,Food & Drink,Afternoon|Evening,indoor,spring|summer|fall|winter,any,Tour and tasting at the brewpub beneath the historic town hall: copper tanks visible through glass as you drink fresh unfiltered lager.,2,47.050200,8.309300
Lucerne - Saturday Market Bahnhofstrasse,Lucerne,Saturday Market Bahnhofstrasse,Food & Drink,Morning,outdoor,spring|summer|fall,clear|rainy,Lucerne's popular Saturday market with regional farmers selling cheese bread fruit vegetables flowers and local specialities.,1,47.049200,8.307200
Lucerne - Lucerne Farm Breakfast Eigenthal,Lucerne,Lucerne Farm Breakfast Eigenthal,Food & Drink,Morning,outdoor,spring|summer|fall,clear,Drive or cycle to an Eigenthal valley farm for a traditional Swiss farmhouse breakfast: fresh milk bread butter and homemade jam.,2,47.000000,8.283300
Lucerne - Kastanienbaum Winery Tour,Lucerne,Kastanienbaum Winery Tour,Food & Drink,Afternoon,both,spring|summer|fall,clear,Visit the Kastanienbaum winery on the southern lake shore for a guided tour and tasting of Central Swiss Riesling-Sylvaner and Pinot Noir.,2,47.000000,8.350000
Lucerne - Lucerne Street Food Festival,Lucerne,Lucerne Street Food Festival,Food & Drink,Afternoon|Evening,outdoor,spring|summer|fall,clear,Seasonal street food markets near the train station with dozens of international and Swiss food trucks craft drinks and live music.,2,47.049200,8.307200
Lucerne - Pavillon Bar Inseli Park,Lucerne,Pavillon Bar Inseli Park,Nightlife & Entertainment,Evening,outdoor,spring|summer|fall,clear,Beloved lakeside open-air bar on the Inseli peninsula: cold drinks low seating and the best sunset views in Lucerne.,2,47.049200,8.307200
Lucerne - Lucerne Südpol Arts Centre,Lucerne,Lucerne Südpol Arts Centre,Nightlife & Entertainment,Evening,indoor,spring|summer|fall|winter,any,Lucerne's leading alternative arts venue in Kriens with contemporary theatre dance concerts and club nights.,2,47.016700,8.283300
Lucerne - Lucerne Casino Evening,Lucerne,Lucerne Casino Evening,Nightlife & Entertainment,Evening,indoor,spring|summer|fall|winter,any,Grand Casino Luzern on the lakefront with gaming tables slot machines a restaurant and panoramic views over the water.,2,47.049200,8.307200
Lucerne - Rooftop Bar Hotel Schweizerhof,Lucerne,Rooftop Bar Hotel Schweizerhof,Nightlife & Entertainment,Evening,outdoor,spring|summer|fall,clear,Elegant rooftop terrace bar at Lucerne's grand hotel with cocktails and sweeping views over the Chapel Bridge and the lake.,2,47.049200,8.307200
Lucerne - Mount Pilatus Via Ferrata,Lucerne,Mount Pilatus Via Ferrata,Adventure & Sports,Morning|Afternoon,outdoor,spring|summer|fall,clear,Fixed-rope climbing route on the rocky flanks of Pilatus: a thrilling exposed ascent with dramatic views over Lake Lucerne below.,2,46.978900,8.253200
Lucerne - Stoos Ridge Hike,Lucerne,Stoos Ridge Hike,Adventure & Sports,Morning|Afternoon,outdoor,spring|summer|fall,clear,Take the world's steepest funicular to Stoos then walk the panoramic ridge trail with views over the lake and Uri Alps.,2,46.983300,8.616700
Lucerne - Lucerne Indoor Climbing Gym,Lucerne,Lucerne Indoor Climbing Gym,Adventure & Sports,Morning|Afternoon|Evening,indoor,spring|summer|fall|winter,any,Modern bouldering and lead climbing facility near the city centre catering to all levels with equipment hire and courses.,2,47.048800,8.306500
Lucerne - Lake Lucerne Wakeboarding,Lucerne,Lake Lucerne Wakeboarding,Adventure & Sports,Morning|Afternoon,outdoor,spring|summer,clear,Cable wakeboard park on Lake Lucerne with beginner-friendly setup full equipment rental and instruction for all ages.,2,47.050400,8.309400
Lucerne - Rigi Mountain Bike Descent,Lucerne,Rigi Mountain Bike Descent,Adventure & Sports,Morning|Afternoon,outdoor,spring|summer|fall,clear,Rent a mountain bike at the Rigi summit and descend the winding trail network through alpine meadows and forest to the lake.,2,47.056900,8.484000
Lucerne - Emmetten Canyon Hike,Lucerne,Emmetten Canyon Hike,Adventure & Sports,Morning|Afternoon,outdoor,spring|summer|fall,clear,Guided canyon hike through the Chärstenbach gorge near Emmetten above Lake Lucerne with jumps slides and natural pools.,2,46.971400,8.577800
Geneva - Jet d'Eau & Old Town,Geneva,Jet d'Eau & Old Town,Culture & History,Morning|Afternoon,outdoor,spring|summer,clear,Geneva's 140m water jet on the lake plus St. Peter's Cathedral and the Reformation Monument.,5,46.205900,6.154700
Geneva - CERN Guided Tour,Geneva,CERN Guided Tour,Culture & History,Morning|Afternoon,indoor,spring|summer|fall|winter,any,Free guided tour of the world's largest particle physics laboratory and birthplace of the web.,5,46.233000,6.055700
Geneva - UN and Red Cross Museum,Geneva,UN and Red Cross Museum,Culture & History,Morning|Afternoon,indoor,spring|summer|fall|winter,any,Guided tour of the Palais des Nations and the deeply moving International Red Cross Museum.,5,46.227400,6.140000
Geneva - Lake Geneva Promenade,Geneva,Lake Geneva Promenade,Relaxation & Wellness,Morning|Afternoon|Evening,outdoor,spring|summer|fall,clear,Stroll the Quai du Mont-Blanc with flower clocks Alpine views and the famous lakeside fountain.,5,46.206800,6.152800
Geneva - Carouge Neighbourhood & Nightlife,Geneva,Carouge Neighbourhood & Nightlife,Nightlife & Entertainment,Afternoon|Evening,both,spring|summer|fall|winter,any,Geneva's bohemian Sardinian quarter filled with independent boutiques cafés artists and lively bars.,5,46.184400,6.151600
Geneva - Bains des Pâquis,Geneva,Bains des Pâquis,Relaxation & Wellness,Morning|Afternoon,outdoor,summer,clear,Open-air lakeside baths beloved by locals for swimming sunbathing and the weekend fondue brunch.,5,46.214400,6.150600
Geneva - Patek Philippe Museum,Geneva,Patek Philippe Museum,Culture & History,Morning|Afternoon,indoor,spring|summer|fall|winter,any,Extraordinary collection spanning five centuries of watchmaking history from Geneva's legendary manufacture.,5,46.198300,6.140100
Geneva - Fine Dining in Eaux-Vives,Geneva,Fine Dining in Eaux-Vives,Food & Drink,Evening,indoor,spring|summer|fall|winter,any,Geneva's top gastronomic district with Michelin-starred restaurants and classic brasseries side by side.,5,46.202000,6.163000
Geneva - E-Bike Panorama Tour,Geneva,E-Bike Panorama Tour,Outdoor & Nature,Morning|Afternoon,outdoor,spring|summer|fall,clear,Guided e-bike tour taking in the UN district the lake the Old Town and the flower clock in one loop.,5,46.204400,6.143200
Geneva - Cheese & Chocolate Tasting Tour,Geneva,Cheese & Chocolate Tasting Tour,Food & Drink,Morning|Afternoon,both,spring|summer|fall|winter,any,Guided tasting walk through Geneva's food market and artisan shops sampling Swiss cheeses and chocolates.,5,46.204400,6.143200
Geneva - City Boat & Sightseeing Tour,Geneva,City Boat & Sightseeing Tour,Culture & History,Afternoon,outdoor,spring|summer,clear,Guided boat tour around the harbour with commentary on Geneva's history and the lake's landmarks.,5,46.206800,6.152800
Geneva - Chamonix Mont-Blanc Day Trip,Geneva,Chamonix Mont-Blanc Day Trip,Outdoor & Nature,Morning|Afternoon,outdoor,spring|summer|fall,clear,Full-day excursion to Chamonix with the Aiguille du Midi cable car and views of the Mont Blanc massif.,5,45.923700,6.869400
Geneva - Museum of Art & History,Geneva,Museum of Art & History,Culture & History,Morning|Afternoon,indoor,spring|summer|fall|winter,any,Geneva's largest museum with vast collections of fine art applied arts and archaeology.,5,46.198900,6.149900
Geneva - Conservatory Botanic Garden,Geneva,Conservatory Botanic Garden,Outdoor & Nature,Morning|Afternoon,outdoor,spring|summer|fall,clear,Free botanic garden on the lakeside with deer deer enclosures glasshouses and a rose garden.,5,46.227400,6.149700
Geneva - Plainpalais Flea Market,Geneva,Plainpalais Flea Market,Food & Drink,Morning,outdoor,spring|summer|fall,clear,Geneva's famous twice-weekly flea market where locals and dealers sell antiques clothes and curiosities.,5,46.197900,6.139900
Geneva - Pâquis Bar & Nightlife,Geneva,Pâquis Bar & Nightlife,Nightlife & Entertainment,Evening,both,spring|summer|fall|winter,any,The Pâquis neighbourhood is Geneva's most cosmopolitan nightlife spot: diverse bars live music and clubs.,5,46.214200,6.151000
Geneva - Geneva Watch-Making Atelier Visit,Geneva,Geneva Watch-Making Atelier Visit,Culture & History,Morning|Afternoon,indoor,spring|summer|fall|winter,any,Guided visit to a working watchmaker's atelier in Geneva's watch district: see master craftspeople assembling movements by hand.,2,46.204400,6.143200
Geneva - Maison Tavel Medieval House,Geneva,Maison Tavel Medieval House,Culture & History,Morning|Afternoon,indoor,spring|summer|fall|winter,any,Geneva's oldest house dating to the 12th century now a history museum with a remarkable rooftop scale model of 19th-century Geneva.,2,46.200700,6.146800
Geneva - Geneva Reformation Wall Deep Dive,Geneva,Geneva Reformation Wall Deep Dive,Culture & History,Morning|Afternoon,outdoor,spring|summer|fall|winter,clear|rainy,Parc des Bastions monument featuring giant stone figures of Calvin Farel Beza and Knox: the spiritual heart of Reformation history.,1,46.200300,6.146700
Geneva - Palais des Nations Interior Tour,Geneva,Palais des Nations Interior Tour,Culture & History,Morning|Afternoon,indoor,spring|summer|fall|winter,any,Guided tour of the UN European headquarters exploring the Council Chamber Assembly Hall and storied diplomatic corridors.,3,46.227400,6.140000
Geneva - Voltaire Institute & Museum,Geneva,Voltaire Institute & Museum,Culture & History,Morning|Afternoon,indoor,spring|summer|fall|winter,any,The villa where Voltaire lived for 20 years: manuscripts first editions and personal artefacts in an intimate lakeside estate.,2,46.213300,6.123700
Geneva - Geneva Natural History Museum,Geneva,Geneva Natural History Museum,Culture & History,Morning|Afternoon,indoor,spring|summer|fall|winter,any,Vast natural history collection with dinosaur skeletons Alpine geology and one of Europe's finest mineralogy exhibitions.,2,46.198900,6.152100
Geneva - Musée d'Ethnographie,Geneva,Musée d'Ethnographie,Culture & History,Morning|Afternoon,indoor,spring|summer|fall|winter,any,World cultures museum with immersive permanent collections spanning Africa Oceania and the Americas in a striking modern building.,2,46.192500,6.144800
Geneva - Barbier-Mueller Pre-Columbian Art,Geneva,Barbier-Mueller Pre-Columbian Art,Culture & History,Morning|Afternoon,indoor,spring|summer|fall|winter,any,One of the world's finest private collections of pre-Columbian tribal and ancient art displayed in intimate Old Town rooms.,2,46.200700,6.146800
Geneva - Geneva Cathedral Crypt Excavation,Geneva,Geneva Cathedral Crypt Excavation,Culture & History,Morning|Afternoon,indoor,spring|summer|fall|winter,any,Descend beneath St. Peter's Cathedral into Roman and early Christian archaeological remains spanning 2000 years of Geneva's history.,2,46.201100,6.148100
Geneva - Geneva Photography Museum,Geneva,Geneva Photography Museum,Culture & History,Morning|Afternoon,indoor,spring|summer|fall|winter,any,Dedicated photography museum in Carouge presenting rotating exhibitions of international and Swiss documentary photography.,2,46.184400,6.151600
Geneva - Jardin Anglais Lakeside Morning,Geneva,Jardin Anglais Lakeside Morning,Outdoor & Nature,Morning,outdoor,spring|summer|fall,clear,Start the day at Geneva's iconic English garden: the famous flower clock lakeside promenade and views of the Jet d'Eau at dawn.,1,46.205800,6.154800
Geneva - Bois de la Bâtie Nature Walk,Geneva,Bois de la Bâtie Nature Walk,Outdoor & Nature,Morning|Afternoon,outdoor,spring|summer|fall,clear|rainy,Forested hillside park above the Arve river with deer enclosures woodland trails and a children's farm: a local weekend escape.,2,46.193700,6.121700
Geneva - Rive Gauche Cycling Loop,Geneva,Rive Gauche Cycling Loop,Outdoor & Nature,Morning|Afternoon,outdoor,spring|summer|fall,clear,Cycle the left bank of Lake Geneva from the city centre through Cologny and on to Hermance village along the shoreline path.,2,46.204400,6.143200
Geneva - Geneva Rhône Riverside Walk,Geneva,Geneva Rhône Riverside Walk,Outdoor & Nature,Morning|Afternoon,outdoor,spring|summer|fall,clear|rainy,Follow the fast-flowing turquoise Rhône through the city from the lake outlet past Île Rousseau to the Jonction confluence.,2,46.204400,6.143200
Geneva - Versoix Lakeside Bird Walk,Geneva,Versoix Lakeside Bird Walk,Outdoor & Nature,Morning,outdoor,spring|summer|fall,clear,Quiet lakeside nature trail north of Geneva through reed beds and riparian forest: excellent for waterfowl and migratory birds.,2,46.286200,6.159000
Geneva - Salève Mountain Hike Day Trip,Geneva,Salève Mountain Hike Day Trip,Outdoor & Nature,Morning|Afternoon,outdoor,spring|summer|fall,clear,Cable car or hike up the limestone ridge just across the French border for sweeping views over Geneva and Mont Blanc.,3,46.128600,6.191200
Geneva - Mont Blanc Express Train Trip,Geneva,Mont Blanc Express Train Trip,Outdoor & Nature,Morning|Afternoon,both,spring|summer|fall,clear,Scenic narrow-gauge train from Geneva through the Arve valley to Chamonix with views of the Mont Blanc massif en route.,3,45.923700,6.869400
Geneva - Genthod Lakeside Trail,Geneva,Genthod Lakeside Trail,Outdoor & Nature,Morning|Afternoon,outdoor,spring|summer|fall,clear,Peaceful footpath north of Geneva through private estates and public shoreline with close views across the lake to the Jura.,2,46.281400,6.151700
Geneva - Marché de Rive Saturday Food Market,Geneva,Marché de Rive Saturday Food Market,Food & Drink,Morning,outdoor,spring|summer|fall,clear|rainy,Lively Saturday market on Place du Marché in Carouge overflowing with seasonal produce artisan cheeses flowers and street food.,1,46.184400,6.151600
Geneva - Geneva Fondue Boat Cruise,Geneva,Geneva Fondue Boat Cruise,Food & Drink,Evening,both,spring|summer|fall|winter,any,Dinner cruise on Lake Geneva aboard a historic CGN boat: traditional Swiss fondue served as you glide past illuminated shores.,2,46.206800,6.152800
Geneva - Carouge Artisan Bakery Tour,Geneva,Carouge Artisan Bakery Tour,Food & Drink,Morning,outdoor,spring|summer|fall|winter,clear|rainy,Self-guided morning walk through Carouge stopping at its celebrated artisan boulangeries patisseries and independent coffee roasters.,2,46.184400,6.151600
Geneva - Craft Cocktail Bar Pâquis,Geneva,Craft Cocktail Bar Pâquis,Food & Drink,Evening,indoor,spring|summer|fall|winter,any,The Pâquis neighbourhood hides some of Geneva's most creative cocktail bars: intimate speakeasies and inventive seasonal menus.,2,46.214200,6.151000
Geneva - Rue de Rive Wine Shop Tasting,Geneva,Rue de Rive Wine Shop Tasting,Food & Drink,Afternoon|Evening,indoor,spring|summer|fall|winter,any,Drop-in tasting at Geneva's finest independent wine merchant on the right bank: focus on Swiss Romand and Savoy producers.,2,46.204400,6.149900
Geneva - Geneva Raclette Evening Old Town,Geneva,Geneva Raclette Evening Old Town,Food & Drink,Evening,indoor,spring|summer|fall|winter,any,Traditional raclette dinner in an Old Town restaurant: melted Valais cheese scraped over potatoes pickles and dried meats.,2,46.200700,6.146800
Geneva - Grand Rue Cheese Crawl,Geneva,Grand Rue Cheese Crawl,Food & Drink,Morning|Afternoon,outdoor,spring|summer|fall|winter,clear|rainy,Walk the Old Town's oldest street stopping at specialist fromageries to taste Gruyère d'Alpage Vacherin and local tommes.,2,46.200700,6.146800
Geneva - Plainpalais Food Truck Sunday,Geneva,Plainpalais Food Truck Sunday,Food & Drink,Afternoon,outdoor,spring|summer|fall,clear,Sunday food truck gathering on the vast Plainpalais esplanade: world cuisines craft drinks and a relaxed festival vibe.,1,46.197900,6.139900
Geneva - Usine Arts & Club Complex,Geneva,Usine Arts & Club Complex,Nightlife & Entertainment,Evening,indoor,spring|summer|fall|winter,any,Geneva's legendary counter-culture venue in a former factory: concerts theatre club nights and political art under one roof.,2,46.202200,6.138500
Geneva - Geneva Jazz Festival Evening,Geneva,Geneva Jazz Festival Evening,Nightlife & Entertainment,Evening,both,summer,any,World-class free outdoor jazz concerts held each summer on the lakefront: one of Europe's largest and most beloved jazz festivals.,3,46.206800,6.152800
Geneva - Bâtiment des Forces Motrices Concert,Geneva,Bâtiment des Forces Motrices Concert,Nightlife & Entertainment,Evening,indoor,spring|summer|fall|winter,any,Extraordinary concert hall in a 19th-century pumping station with exceptional acoustics used for opera chamber music and world music.,2,46.202200,6.138500
Geneva - Geneva Rooftop DJ Night,Geneva,Geneva Rooftop DJ Night,Nightlife & Entertainment,Evening,outdoor,spring|summer|fall,clear,Summer rooftop bar events on Geneva's hotel terraces and warehouse rooftops: DJ sets electronic music and lake views after dark.,2,46.204400,6.143200
Geneva - Théâtre de Carouge Performance,Geneva,Théâtre de Carouge Performance,Nightlife & Entertainment,Evening,indoor,spring|summer|fall|winter,any,Renowned francophone theatre in the heart of Carouge staging contemporary productions and classic French-language drama.,2,46.184400,6.151600
Geneva - Les Bains des Pâquis Sauna Ritual,Geneva,Les Bains des Pâquis Sauna Ritual,Relaxation & Wellness,Morning|Afternoon,outdoor,spring|summer|fall|winter,any,Geneva's beloved jetty baths offer a lakeside sauna hammam and cold plunge year-round: a democratic urban wellness ritual.,2,46.214400,6.150600
Geneva - Geneva Hammam Jonction,Geneva,Geneva Hammam Jonction,Relaxation & Wellness,Morning|Afternoon|Evening,indoor,spring|summer|fall|winter,any,Traditional hammam in the multicultural Jonction neighbourhood offering full scrub steam and massage rituals.,2,46.202200,6.138500
Geneva - Lac Léman Paddleboard Sunrise,Geneva,Lac Léman Paddleboard Sunrise,Relaxation & Wellness,Morning,outdoor,spring|summer|fall,clear,Early morning stand-up paddleboard session on the glassy lake from the Pâquis or Eaux-Vives jetties before the crowds arrive.,2,46.206800,6.152800
Geneva - Bois de la Bâtie Forest Therapy,Geneva,Bois de la Bâtie Forest Therapy,Relaxation & Wellness,Morning|Afternoon,outdoor,spring|summer|fall,clear|rainy,Guided Shinrin-yoku forest bathing session in Geneva's wooded Bâtie park: mindful walking breathing and sensory immersion.,2,46.193700,6.121700
Geneva - Versoix Wakeboarding Lake,Geneva,Versoix Wakeboarding Lake,Adventure & Sports,Morning|Afternoon,outdoor,spring|summer|fall,clear,Cable wakeboard park on the lake north of Geneva: beginner-friendly setup with full equipment rental and instruction.,2,46.286200,6.159000
Geneva - Indoor Climbing Arkose Geneva,Geneva,Indoor Climbing Arkose Geneva,Adventure & Sports,Morning|Afternoon|Evening,indoor,spring|summer|fall|winter,any,Large modern bouldering and lead climbing gym in the Les Acacias district: all levels welcome with equipment hire.,2,46.193700,6.139900
Geneva - Lac Léman Kitesurfing Lesson,Geneva,Lac Léman Kitesurfing Lesson,Adventure & Sports,Morning|Afternoon,outdoor,spring|summer|fall,clear,Introductory kitesurfing lesson on Lake Geneva at Versoix or Bellevue: steady Vent du Nord winds make it ideal for beginners.,2,46.286200,6.159000
Geneva - Rhône Kayak Half-Day,Geneva,Rhône Kayak Half-Day,Adventure & Sports,Morning|Afternoon,outdoor,spring|summer|fall,clear,Guided half-day kayak on the Rhône downstream from Geneva through gorges and past riverside villages to Russin.,2,46.178500,6.084700
Lausanne - Olympic Museum,Lausanne,Olympic Museum,Culture & History,Morning|Afternoon,both,spring|summer|fall|winter,any,The world's largest Olympic museum with immersive sport exhibitions and a lakeside sculpture park.,3,46.509600,6.629800
Lausanne - Cathedral Notre-Dame,Lausanne,Cathedral Notre-Dame,Culture & History,Morning|Afternoon,both,spring|summer|fall|winter,any,Gothic cathedral with a medieval rosette window and a rooftop terrace with Alpine lake views.,3,46.522600,6.635800
Lausanne - Ouchy Lakefront Promenade,Lausanne,Ouchy Lakefront Promenade,Relaxation & Wellness,Morning|Afternoon|Evening,outdoor,spring|summer|fall,clear,Lausanne's lakeside district with gardens boat rentals cycle paths and terraced restaurants.,3,46.508500,6.628500
Lausanne - Collection de l'Art Brut,Lausanne,Collection de l'Art Brut,Culture & History,Morning|Afternoon,indoor,spring|summer|fall|winter,any,Unique world-leading museum dedicated to visionary outsider and self-taught artists.,3,46.520700,6.619800
Lausanne - Flon District Nightlife,Lausanne,Flon District Nightlife,Nightlife & Entertainment,Evening,indoor,spring|summer|fall|winter,any,Lausanne's converted industrial district packed with clubs bars concert venues and late-night food.,3,46.518600,6.626100
Lausanne - E-Bike Lavaux Tour,Lausanne,E-Bike Lavaux Tour,Outdoor & Nature,Morning|Afternoon,outdoor,spring|summer|fall,clear,Guided e-bike ride through the UNESCO Lavaux vineyard terraces above the lake with stops for wine tasting.,3,46.500000,6.700000
Lausanne - Platform 10 Arts District,Lausanne,Platform 10 Arts District,Culture & History,Morning|Afternoon,indoor,spring|summer|fall|winter,any,New arts district housing the Musée Cantonal des Beaux-Arts the Photo Elysée and MUDAC design museum.,3,46.517700,6.627000
Lausanne - Lausanne Underground Tour,Lausanne,Lausanne Underground Tour,Culture & History,Morning|Afternoon,both,spring|summer|fall|winter,any,Guided tour through Lausanne's historic underground tunnels and the city's unique multilevel geography.,3,46.519700,6.632300
Lausanne - Lausanne Evening Food Walk,Lausanne,Lausanne Evening Food Walk,Food & Drink,Evening,both,spring|summer|fall|winter,any,Guided evening tasting tour of Lausanne's best restaurants wine bars and artisan food shops.,3,46.519700,6.632300
Lausanne - Musée de l'Elysée Photography,Lausanne,Musée de l'Elysée Photography,Culture & History,Morning|Afternoon,indoor,spring|summer|fall|winter,any,World-class photography museum now housed in the new Platform 10 arts district presenting major international and Swiss photographers.,3,46.517700,6.627000
Lausanne - Palais de Rumine Natural History,Lausanne,Palais de Rumine Natural History,Culture & History,Morning|Afternoon,indoor,spring|summer|fall|winter,any,Grand neo-Romanesque palace housing five museums including natural history geology and zoology collections under one roof.,2,46.522600,6.635800
Lausanne - Lausanne Medieval Château Visit,Lausanne,Lausanne Medieval Château Visit,Culture & History,Morning|Afternoon,both,spring|summer|fall|winter,any,The 12th-century episcopal castle above the city now houses the cantonal government: guided tours reveal its medieval great hall and towers.,2,46.522600,6.635800
Lausanne - MUDAC Design Museum,Lausanne,MUDAC Design Museum,Culture & History,Morning|Afternoon,indoor,spring|summer|fall|winter,any,Museum of contemporary design and applied arts in the Platform 10 district presenting bold international design and craft exhibitions.,2,46.517700,6.627000
Lausanne - Signal de Sauvabelin Tower Walk,Lausanne,Signal de Sauvabelin Tower Walk,Outdoor & Nature,Morning|Afternoon,outdoor,spring|summer|fall,clear,Climb the wooden observation tower in the Sauvabelin forest for a 360-degree panorama over Lausanne the lake and the Alps.,2,46.535900,6.635800
Lausanne - Lausanne Roman Ruins Vidy,Lausanne,Lausanne Roman Ruins Vidy,Culture & History,Morning|Afternoon,outdoor,spring|summer|fall|winter,clear|rainy,Explore the excavated remains of the Roman town of Lousonna at Vidy on the lakefront: foundations mosaics and a small site museum.,2,46.506700,6.593300
Lausanne - Pully Roman Villa,Lausanne,Pully Roman Villa,Culture & History,Morning|Afternoon,indoor,spring|summer|fall|winter,any,Remarkably preserved Roman villa in the suburb of Pully with an outstanding 2nd-century hunting fresco and underfloor heating system.,2,46.509700,6.659700
Lausanne - Lausanne Pipe Museum,Lausanne,Lausanne Pipe Museum,Culture & History,Morning|Afternoon,indoor,spring|summer|fall|winter,any,Quirky specialist museum dedicated to the history and craft of pipe-making: a surprisingly absorbing collection unique in Switzerland.,1,46.519700,6.632300
Lausanne - Lavaux Vineyard Sunrise Walk,Lausanne,Lavaux Vineyard Sunrise Walk,Outdoor & Nature,Morning,outdoor,spring|summer|fall,clear,Walk the UNESCO Lavaux terraces at first light before tour groups arrive: mist over the lake golden vines and total silence.,2,46.500000,6.750000
Lausanne - Signal de Sauvabelin Forest Loop,Lausanne,Signal de Sauvabelin Forest Loop,Outdoor & Nature,Morning|Afternoon,outdoor,spring|summer|fall,clear|rainy,Circular forest walk through the Sauvabelin woodland above Lausanne with a small farm pond deer and a family-friendly nature trail.,2,46.535900,6.635800
Lausanne - Ouchy Lakefront Cycling,Lausanne,Ouchy Lakefront Cycling,Outdoor & Nature,Morning|Afternoon,outdoor,spring|summer|fall,clear,Cycle east from Ouchy along the lake shore through Lutry and into the start of the Lavaux vineyards: flat easy and scenic.,2,46.508500,6.628500
Lausanne - Lausanne Botanical Garden,Lausanne,Lausanne Botanical Garden,Outdoor & Nature,Morning|Afternoon,outdoor,spring|summer|fall,clear|rainy,University of Lausanne botanical garden with alpine rock gardens tropical greenhouses and a superb collection of Mediterranean plants.,2,46.527400,6.613300
Lausanne - Lutry Wine Village Walk,Lausanne,Lutry Wine Village Walk,Outdoor & Nature,Morning|Afternoon,outdoor,spring|summer|fall,clear,Stroll through the charming medieval wine village of Lutry at the entrance to the Lavaux: arcaded streets a castle and lake views.,2,46.504700,6.684700
Lausanne - Lausanne Flon Riverside Stroll,Lausanne,Lausanne Flon Riverside Stroll,Outdoor & Nature,Morning|Afternoon,outdoor,spring|summer|fall,clear|rainy,Walk the redeveloped Flon valley floor through Lausanne's creative district following the buried river's former course through the city.,1,46.518600,6.626100
Lausanne - Pully Lakeside Path,Lausanne,Pully Lakeside Path,Outdoor & Nature,Morning|Afternoon,outdoor,spring|summer|fall,clear,Flat lakeside walk east from Ouchy through the residential suburb of Pully with terraced gardens private jetties and vineyard views.,2,46.509700,6.659700
Lausanne - Sauvabelin Lake Morning Walk,Lausanne,Sauvabelin Lake Morning Walk,Outdoor & Nature,Morning,outdoor,spring|summer|fall,clear|rainy,Peaceful morning circuit of the small Sauvabelin lake in the forest above Lausanne: ducks mist and birdsong before the city wakes.,1,46.535900,6.635800
Lausanne - Lavaux E-Bike Sunset,Lausanne,Lavaux E-Bike Sunset,Outdoor & Nature,Afternoon,outdoor,spring|summer|fall,clear,E-bike the Lavaux terraces in the late afternoon as the sun drops over the Jura and the lake turns gold below the vines.,2,46.500000,6.750000
Lausanne - Lausanne Saturday Market Place de la Riponne,Lausanne,Lausanne Saturday Market Place de la Riponne,Food & Drink,Morning,outdoor,spring|summer|fall,clear|rainy,Lausanne's main weekly market filling the Riponne square with regional farmers cheese honey bread flowers and street food stalls.,1,46.522600,6.635800
Lausanne - Vine & Dine Lavaux Cellar Visit,Lausanne,Vine & Dine Lavaux Cellar Visit,Food & Drink,Afternoon|Evening,indoor,spring|summer|fall|winter,any,Visit a family domaine in the Lavaux for a guided cellar tour and tasting of Chasselas Pinot Noir and Gamay with lake views.,3,46.500000,6.750000
Lausanne - Lausanne Chocolate Workshop,Lausanne,Lausanne Chocolate Workshop,Food & Drink,Morning|Afternoon,indoor,spring|summer|fall|winter,any,Hands-on chocolate making class in a Lausanne atelier: temper ganache mould pralines and take home your creations.,2,46.519700,6.632300
Lausanne - Ouchy Brasserie Aperitivo,Lausanne,Ouchy Brasserie Aperitivo,Food & Drink,Afternoon|Evening,outdoor,spring|summer|fall,clear,Aperitivo hour at one of the Ouchy lakefront brasseries: white wine or Spritz with olives and the lake shimmering before you.,2,46.508500,6.628500
Lausanne - Lausanne Craft Beer Bar Flon,Lausanne,Lausanne Craft Beer Bar Flon,Food & Drink,Afternoon|Evening,indoor,spring|summer|fall|winter,any,The Flon district's craft beer bars have grown into a scene: Swiss IPAs sours and seasonal brews in an industrial-cool setting.,2,46.518600,6.626100
Lausanne - Lausanne Bakery Crawl,Lausanne,Lausanne Bakery Crawl,Food & Drink,Morning,outdoor,spring|summer|fall|winter,clear|rainy,Morning walk through central Lausanne stopping at the best artisan boulangeries for fresh croissants tarts and regional breads.,1,46.519700,6.632300
Lausanne - Morges Strawberry Festival Trip,Lausanne,Morges Strawberry Festival Trip,Food & Drink,Morning|Afternoon,outdoor,spring|summer,clear,Short train ride to Morges for the May strawberry festival: local producers stalls tastings and the lakeside castle as backdrop.,1,46.511700,6.498600
Lausanne - Lausanne Cheese & Wine Evening,Lausanne,Lausanne Cheese & Wine Evening,Food & Drink,Evening,indoor,spring|summer|fall|winter,any,Guided cheese and wine pairing evening at a Lausanne cave à fromages: Vacherin Mont d'Or Gruyère and Lavaux Chasselas.,2,46.519700,6.632300
Lausanne - MAD Club Night,Lausanne,MAD Club Night,Nightlife & Entertainment,Evening,indoor,spring|summer|fall|winter,any,Lausanne's legendary electronic music club in the Flon: one of Switzerland's best techno and house venues with international DJs.,2,46.518600,6.626100
Lausanne - D! Club Techno Night,Lausanne,D! Club Techno Night,Nightlife & Entertainment,Evening,indoor,spring|summer|fall|winter,any,Underground techno club in central Lausanne with a serious sound system and a programme of local and visiting DJs.,2,46.518600,6.626100
Lausanne - Live Jazz at Chorus,Lausanne,Live Jazz at Chorus,Nightlife & Entertainment,Evening,indoor,spring|summer|fall|winter,any,Lausanne's premier jazz venue with an intimate atmosphere regular Swiss and international acts and a warm neighbourhood bar feel.,2,46.519700,6.632300
Lausanne - Lausanne Open-Air Cinema,Lausanne,Lausanne Open-Air Cinema,Nightlife & Entertainment,Evening,outdoor,summer,clear,Summer open-air film screenings at Ouchy and various city parks: deckchairs a big screen and food stalls under the stars.,2,46.508500,6.628500
Lausanne - Lausanne Symphony Concert BCV,Lausanne,Lausanne Symphony Concert BCV,Nightlife & Entertainment,Evening,indoor,spring|summer|fall|winter,any,World-class classical concerts by the Orchestre de Chambre de Lausanne and guest ensembles at the Métropole and Lausanne venues.,2,46.519700,6.632300
Lausanne - Lausanne Thermal Spa Piscine Montchoisi,Lausanne,Lausanne Thermal Spa Piscine Montchoisi,Relaxation & Wellness,Morning|Afternoon,indoor,spring|summer|fall|winter,any,Lausanne's largest indoor pool and wellness complex with thermal lanes sauna steam room and a relaxation area.,2,46.517700,6.646900
Lausanne - Ouchy Lakeside Yoga Morning,Lausanne,Ouchy Lakeside Yoga Morning,Relaxation & Wellness,Morning,outdoor,spring|summer|fall,clear,Open-air yoga sessions on the Ouchy lakefront with the Alps as backdrop: several instructors offer drop-in classes in summer.,2,46.508500,6.628500
Lausanne - Sauvabelin Forest Meditation,Lausanne,Sauvabelin Forest Meditation,Relaxation & Wellness,Morning,outdoor,spring|summer|fall,clear|rainy,Guided mindfulness and forest meditation walk in the Sauvabelin woodland: an accessible escape from the city in 15 minutes.,1,46.535900,6.635800
Lausanne - Beau-Rivage Palace Spa,Lausanne,Beau-Rivage Palace Spa,Relaxation & Wellness,Morning|Afternoon|Evening,indoor,spring|summer|fall|winter,any,Grand palace hotel spa on the Ouchy lakefront with indoor pool thermal suite and a full treatment menu of Alpine-inspired therapies.,2,46.507800,6.629000
Lausanne - Lausanne Flotation Tank,Lausanne,Lausanne Flotation Tank,Relaxation & Wellness,Morning|Afternoon,indoor,spring|summer|fall|winter,any,Sensory deprivation float tank session at a Lausanne wellness studio: one hour of weightlessness for deep rest and recovery.,1,46.519700,6.632300
Lausanne - Lausanne Climbing Gym Déclic,Lausanne,Lausanne Climbing Gym Déclic,Adventure & Sports,Morning|Afternoon|Evening,indoor,spring|summer|fall|winter,any,Lausanne's main bouldering and lead climbing gym with routes for all levels a training campus board and friendly coaching.,2,46.519700,6.632300
Lausanne - Ouchy Wakeboard School,Lausanne,Ouchy Wakeboard School,Adventure & Sports,Morning|Afternoon,outdoor,spring|summer,clear,Learn to wakeboard or waterski on Lake Geneva from the Ouchy marina: equipment provided and instruction for complete beginners.,2,46.508500,6.628500
Lausanne - Jorat Forest Trail Run,Lausanne,Jorat Forest Trail Run,Adventure & Sports,Morning,outdoor,spring|summer|fall,clear,Trail running in the vast Jorat forest plateau east of Lausanne: marked routes through beech and oak woodland at 900m altitude.,2,46.566700,6.733300
Lausanne - Cully Wine Run Race,Lausanne,Cully Wine Run Race,Adventure & Sports,Morning,outdoor,spring,clear,Annual spring trail race through the Lavaux vineyards ending with wine tasting: combine sport and scenery in the UNESCO terraces.,1,46.493300,6.733300
Lausanne - Lausanne Urban Cycling Challenge,Lausanne,Lausanne Urban Cycling Challenge,Adventure & Sports,Morning|Afternoon,outdoor,spring|summer|fall,clear,Guided cycling tour navigating Lausanne's steep hills and metro system: a surprisingly technical urban ride with great city viewpoints.,1,46.519700,6.632300
Montreux - Château de Chillon,Montreux,Château de Chillon,Culture & History,Morning|Afternoon,both,spring|summer|fall|winter,any,Switzerland's most visited monument: a stunning island castle on Lake Geneva immortalised by Lord Byron.,3,46.414100,6.928000
Montreux - Montreux Jazz Festival,Montreux,Montreux Jazz Festival,Nightlife & Entertainment,Afternoon|Evening,both,summer,any,Legendary two-week music festival drawing world-class artists across all genres to the lakeside stage.,3,46.435800,6.912800
Montreux - Lavaux Vineyard Terraces Walk,Montreux,Lavaux Vineyard Terraces Walk,Food & Drink,Morning|Afternoon,outdoor,spring|summer|fall,clear,Hike through UNESCO-listed terraced vineyards above the lake with wine tasting at local domaines.,3,46.500000,6.800000
Montreux - Rochers-de-Naye Alpine Hike,Montreux,Rochers-de-Naye Alpine Hike,Outdoor & Nature,Morning|Afternoon,outdoor,spring|summer|fall,clear,Rack railway or hike to 2042m with marmots wildflowers and sweeping Alpine panoramas.,3,46.446700,6.967200
Montreux - Riviera Promenade Stroll,Montreux,Riviera Promenade Stroll,Relaxation & Wellness,Morning|Afternoon|Evening,outdoor,spring|summer|fall,clear,Belle Époque waterfront walk lined with flowers statues palm trees and lakeside café terraces.,3,46.435200,6.912400
Montreux - Freddie Mercury Walking Tour,Montreux,Freddie Mercury Walking Tour,Culture & History,Morning|Afternoon,outdoor,spring|summer|fall|winter,any,Follow the trail of Queen's frontman through Montreux: statue studios and the places he loved most.,3,46.431800,6.911800
Montreux - Glacier 3000 Day Trip,Montreux,Glacier 3000 Day Trip,Outdoor & Nature,Morning|Afternoon,both,spring|summer|fall|winter,clear|snowy,Bus and cable car excursion to 3000m with a suspension bridge glacier walk and snow fun park.,3,46.333300,7.283300
Montreux - Lake Riviera Boat Cruise,Montreux,Lake Riviera Boat Cruise,Outdoor & Nature,Afternoon,outdoor,spring|summer,clear,Scenic boat cruise along the Montreux Riviera past Chillon Castle and the flowering Lavaux shores.,3,46.431800,6.911800
Montreux - Montreux Evening Bar Scene,Montreux,Montreux Evening Bar Scene,Nightlife & Entertainment,Evening,both,spring|summer|fall|winter,any,Montreux's lakeside bars and piano lounges make for a sophisticated and relaxed evening atmosphere.,3,46.431800,6.911800
Montreux - Montreux Music Memorabilia Museum,Montreux,Montreux Music Memorabilia Museum,Culture & History,Morning|Afternoon,indoor,spring|summer|fall|winter,any,Small museum dedicated to Montreux's extraordinary musical heritage: Queen Deep Purple and the history of the legendary recording studios.,2,46.431800,6.911800
Montreux - Vevey Charlie Chaplin Museum,Montreux,Vevey Charlie Chaplin Museum,Culture & History,Morning|Afternoon,indoor,spring|summer|fall|winter,any,Chaplin's World museum in Chaplin's former villa in Vevey: immersive rooms recreating his films life and comedic genius.,3,46.463100,6.842200
Montreux - Vevey Food Museum & Nestlé World,Montreux,Vevey Food Museum & Nestlé World,Culture & History,Morning|Afternoon,indoor,spring|summer|fall|winter,any,Alimentarium food museum on the Vevey lakefront exploring the history science and culture of food with hands-on exhibits.,2,46.463100,6.842200
Montreux - Montreux Belle Époque Hotel Tour,Montreux,Montreux Belle Époque Hotel Tour,Culture & History,Morning|Afternoon,outdoor,spring|summer|fall|winter,clear|rainy,Self-guided walk past Montreux's grand Victorian and Edwardian hotels: the Fairmont Breuer and Palace that defined the Riviera era.,1,46.435200,6.912400
Montreux - Territet Castle Walk,Montreux,Territet Castle Walk,Culture & History,Morning|Afternoon,outdoor,spring|summer|fall,clear|rainy,Walk east from Montreux through the historic Territet quarter past the small castle and Empress Sisi's former hotel to Chillon.,2,46.423100,6.923100
Montreux - Montreux Rose Garden Walk,Montreux,Montreux Rose Garden Walk,Culture & History,Morning|Afternoon,outdoor,spring|summer,clear,Stroll the lakeside rose garden in Montreux in June when hundreds of varieties bloom along the promenade between the statues.,1,46.435200,6.912400
Montreux - Lavaux Wine Museum Aigle,Montreux,Lavaux Wine Museum Aigle,Culture & History,Morning|Afternoon,indoor,spring|summer|fall|winter,any,Wine and vine museum in Aigle's medieval castle: the history of winemaking in the Chablais region with tastings in the castle cellar.,2,46.318600,6.971100
Montreux - Montreux Photography Festival,Montreux,Montreux Photography Festival,Culture & History,Morning|Afternoon,outdoor,spring|summer,any,Annual photography festival displaying large-format images along the lakefront promenade: free open-air exhibition for weeks.,2,46.435200,6.912400
Montreux - Glion Village Hike,Montreux,Glion Village Hike,Outdoor & Nature,Morning|Afternoon,outdoor,spring|summer|fall,clear,Hike up the steep path behind Montreux to the elegant Glion village perched above the lake: belle époque hotels and sweeping Riviera views.,2,46.441900,6.920800
Montreux - Les Avants Snowshoe Trail,Montreux,Les Avants Snowshoe Trail,Outdoor & Nature,Morning|Afternoon,outdoor,winter,clear|snowy,Train to Les Avants then snowshoe through the narcissus meadows above Montreux: a peaceful winter alternative to the ski resorts.,2,46.466700,6.933300
Montreux - Rochers-de-Naye Marmot Sanctuary,Montreux,Rochers-de-Naye Marmot Sanctuary,Outdoor & Nature,Morning|Afternoon,outdoor,spring|summer|fall,clear,Take the rack railway to the summit marmot reserve: hand-feed the resident marmots in their mountain enclosure at 2042m.,2,46.446700,6.967200
Montreux - Caux Panorama Platform Hike,Montreux,Caux Panorama Platform Hike,Outdoor & Nature,Morning|Afternoon,outdoor,spring|summer|fall,clear,Hike or take the mountain railway to Caux at 1050m for one of the finest panoramas on the Swiss Riviera: lake Alps and Chablais.,2,46.452800,6.927800
Montreux - Gorge du Chauderon Walk,Montreux,Gorge du Chauderon Walk,Outdoor & Nature,Morning|Afternoon,outdoor,spring|summer|fall,clear|rainy,Hidden gorge walk behind Montreux through a narrow limestone canyon with waterfalls and lush vegetation above the tourist trail.,2,46.435800,6.912800
Montreux - Lac de Bret Hidden Reservoir Walk,Montreux,Lac de Bret Hidden Reservoir Walk,Outdoor & Nature,Morning|Afternoon,outdoor,spring|summer|fall,clear,Circular walk around the hidden Bret reservoir in the hills behind Montreux: quiet forest trails and a peaceful escape from the lakeside.,2,46.466700,6.916700
Montreux - Montreux to Vevey Lakefront Cycle,Montreux,Montreux to Vevey Lakefront Cycle,Outdoor & Nature,Morning|Afternoon,outdoor,spring|summer|fall,clear,Flat lakefront cycle from Montreux through Clarens and La Tour-de-Peilz to Vevey: the most scenic 10km on the Swiss Riviera.,2,46.463700,6.843000
Montreux - Lavaux Terraces Wine Trail Sunset,Montreux,Lavaux Terraces Wine Trail Sunset,Outdoor & Nature,Afternoon,outdoor,spring|summer|fall,clear,Walk the lower Lavaux terraces above Montreux as the sun sets over the Jura: the lake turns gold and the vines glow amber.,2,46.500000,6.800000
Montreux - Montreux Market Thursday,Montreux,Montreux Market Thursday,Food & Drink,Morning,outdoor,spring|summer|fall,clear|rainy,Montreux's weekly Thursday market on the lakefront with regional produce artisan cheese bread honey and flowers.,1,46.435200,6.912400
Montreux - Montreux Fine Chocolate Tasting,Montreux,Montreux Fine Chocolate Tasting,Food & Drink,Morning|Afternoon,indoor,spring|summer|fall|winter,any,Guided tasting at a Montreux chocolate specialist: single-origin bars pralines and truffles paired with local wine or coffee.,2,46.431800,6.911800
Montreux - Vevey Waterfront Brasserie Dinner,Montreux,Vevey Waterfront Brasserie Dinner,Food & Drink,Evening,indoor,spring|summer|fall|winter,any,Dinner at one of Vevey's excellent lakefront brasseries: Swiss and French cuisine with lake views and a strong local wine list.,2,46.463100,6.842200
Montreux - Lavaux Cellar Tasting Epesses,Montreux,Lavaux Cellar Tasting Epesses,Food & Drink,Afternoon,indoor,spring|summer|fall|winter,any,Visit a family domaine in the Epesses village for a cellar tour and tasting of Chasselas and Pinot Noir from the UNESCO vineyards.,3,46.483300,6.833300
Montreux - Riviera Cheese Platter Evening,Montreux,Riviera Cheese Platter Evening,Food & Drink,Evening,indoor,spring|summer|fall|winter,any,Evening cheese board with Vacherin Gruyère and Raclette paired with Lavaux white wine at a Montreux wine bar or restaurant.,2,46.431800,6.911800
Montreux - Montreux Aperitivo Lakeside,Montreux,Montreux Aperitivo Lakeside,Food & Drink,Afternoon|Evening,outdoor,spring|summer|fall,clear,Aperitivo on the Montreux promenade terrace with a glass of local Chasselas or Spritz: the Italian-Swiss lakeside ritual at its finest.,2,46.435200,6.912400
Montreux - Casino Barrière Evening,Montreux,Casino Barrière Evening,Nightlife & Entertainment,Evening,indoor,spring|summer|fall|winter,any,Montreux's grand lakeside casino with gaming tables slot machines a restaurant and regular live entertainment evenings.,2,46.431800,6.911800
Montreux - Fairmont Rooftop Bar,Montreux,Fairmont Rooftop Bar,Nightlife & Entertainment,Evening,outdoor,spring|summer|fall,clear,Cocktails on the rooftop terrace of the iconic Fairmont Le Montreux Palace: the most glamorous drink on the Swiss Riviera.,2,46.435200,6.912400
Montreux - Vevey Jazz Club Night,Montreux,Vevey Jazz Club Night,Nightlife & Entertainment,Evening,indoor,spring|summer|fall|winter,any,Vevey has a lively intimate jazz scene with regular live acts in small clubs and bars just a short train ride from Montreux.,2,46.463100,6.842200
Montreux - Montreux Open-Air Cinema,Montreux,Montreux Open-Air Cinema,Nightlife & Entertainment,Evening,outdoor,summer,clear,Summer open-air film screenings on the Montreux lakefront: deckchairs food stalls and films under the stars beside the lake.,2,46.435200,6.912400
Montreux - Les Arches Club Night,Montreux,Les Arches Club Night,Nightlife & Entertainment,Evening,indoor,spring|summer|fall|winter,any,Montreux's main nightclub under the railway arches: DJ nights live music and a mixed crowd of locals and visitors.,2,46.431800,6.911800
Montreux - Fairmont Le Montreux Palace Spa,Montreux,Fairmont Le Montreux Palace Spa,Relaxation & Wellness,Morning|Afternoon|Evening,indoor,spring|summer|fall|winter,any,Grand palace hotel spa with indoor pool thermal suite steam room and a full menu of Alpine and Riviera-inspired treatments.,3,46.435200,6.912400
Montreux - Montreux Lakeside Morning Swim,Montreux,Montreux Lakeside Morning Swim,Relaxation & Wellness,Morning,outdoor,spring|summer,clear,Early morning swim from the Montreux or Clarens public lido: mild lake temperatures and the Alps reflected in the still water.,2,46.435200,6.912400
Montreux - Lavaux Sunrise Yoga Vineyards,Montreux,Lavaux Sunrise Yoga Vineyards,Relaxation & Wellness,Morning,outdoor,spring|summer|fall,clear,Guided sunrise yoga session on a terrace in the Lavaux vineyards above Montreux: panoramic lake views and mountain air.,2,46.500000,6.800000
Montreux - Glion Wellness Walk Forest,Montreux,Glion Wellness Walk Forest,Relaxation & Wellness,Morning|Afternoon,outdoor,spring|summer|fall,clear|rainy,Guided forest therapy walk in the woodland above Glion village: quiet paths panoramic clearings and the sound of birdsong and cowbells.,2,46.441900,6.920800
Montreux - Vevey Lakeside Hammam,Montreux,Vevey Lakeside Hammam,Relaxation & Wellness,Morning|Afternoon,indoor,spring|summer|fall|winter,any,Traditional hammam and spa in Vevey offering full steam scrub and massage rituals steps from the lakefront and Chaplin's World.,2,46.463100,6.842200
Montreux - Montreux Paragliding Tandem,Montreux,Montreux Paragliding Tandem,Adventure & Sports,Morning|Afternoon,outdoor,spring|summer|fall,clear,Tandem paraglide launching from the hills above Montreux soaring over the lake the Chillon castle and the Lavaux vineyards.,2,46.435800,6.912800
Montreux - Aigle Via Ferrata,Montreux,Aigle Via Ferrata,Adventure & Sports,Morning|Afternoon,outdoor,spring|summer|fall,clear,Fixed-rope climbing route in the Aigle gorge southeast of Montreux: a thrilling beginner-friendly via ferrata with valley views.,2,46.318600,6.971100
Montreux - Lac Léman Paddleboard Riviera,Montreux,Lac Léman Paddleboard Riviera,Adventure & Sports,Morning|Afternoon,outdoor,spring|summer,clear,Stand-up paddleboard session along the Montreux Riviera from Clarens to Chillon: the most scenic SUP route on Lake Geneva.,2,46.431800,6.911800
Montreux - Montreux Trail Running Rochers,Montreux,Montreux Trail Running Rochers,Adventure & Sports,Morning,outdoor,spring|summer|fall,clear,Trail run from Montreux up through the Les Avants forest to the Rochers-de-Naye ridgeline: a demanding 1500m climb with epic views.,2,46.446700,6.967200
Montreux - Chablais Mountain Biking,Montreux,Chablais Mountain Biking,Adventure & Sports,Morning|Afternoon,outdoor,spring|summer|fall,clear,Guided mountain bike tour through the Chablais hills above Montreux and Aigle: rolling terrain vineyards and mountain panoramas.,2,46.383300,6.933300
Zermatt - Matterhorn Glacier Paradise,Zermatt,Matterhorn Glacier Paradise,Outdoor & Nature,Morning|Afternoon,both,spring|summer|fall|winter,clear|snowy,Cable car to Europe's highest station at 3883m with glaciers an ice palace and 38 Alpine peaks in view.,5,45.976400,7.655800
Zermatt - Skiing & Snowboarding,Zermatt,Skiing & Snowboarding,Adventure & Sports,Morning|Afternoon,outdoor,winter,clear|snowy,360km of world-famous ski runs from beginner to expert directly under the iconic Matterhorn.,5,46.020700,7.749100
Zermatt - Gornergrat Railway,Zermatt,Gornergrat Railway,Outdoor & Nature,Morning|Afternoon,both,spring|summer|fall|winter,clear,Cogwheel train to 3089m overlooking 29 peaks above 4000m including Monte Rosa and the Matterhorn.,5,45.983600,7.785100
Zermatt - Five Lakes Walk,Zermatt,Five Lakes Walk,Outdoor & Nature,Morning|Afternoon,outdoor,spring|summer|fall,clear,Classic 10km trail connecting five mountain lakes each perfectly reflecting the Matterhorn silhouette.,5,46.015000,7.710000
Zermatt - Summer Alpine Hiking,Zermatt,Summer Alpine Hiking,Outdoor & Nature,Morning|Afternoon,outdoor,spring|summer,clear,Hundreds of kilometres of marked trails through high-altitude meadows glaciers and rocky ridgelines.,5,46.020700,7.749100
Zermatt - Village Fondue Evening,Zermatt,Village Fondue Evening,Food & Drink,Afternoon|Evening,both,spring|summer|fall|winter,any,Classic Swiss fondue and raclette in Zermatt's charming car-free village restaurants and mountain chalets.,5,46.020700,7.749100
Zermatt - Ski Touring & Off-Piste,Zermatt,Ski Touring & Off-Piste,Adventure & Sports,Morning|Afternoon,outdoor,winter|spring,clear|snowy,Guided ski touring through remote backcountry terrain above Zermatt with certified mountain guides.,5,46.020700,7.749100
Zermatt - Breithorn Summit Tour,Zermatt,Breithorn Summit Tour,Adventure & Sports,Morning,outdoor,summer|fall,clear,Guided high-altitude ascent of the 4164m Breithorn: one of the most accessible 4000m peaks in the Alps.,5,45.926700,7.716700
Zermatt - Glacier Hiking Tour,Zermatt,Glacier Hiking Tour,Outdoor & Nature,Morning|Afternoon,outdoor,spring|summer,clear,Guided walk on the Gorner Glacier with crampons and ice axes exploring crevasses and seracs.,5,45.983600,7.785100
Zermatt - Via Ferrata Matterhorn,Zermatt,Via Ferrata Matterhorn,Adventure & Sports,Morning|Afternoon,outdoor,summer|fall,clear,Fixed-rope climbing route on the lower flanks of the Matterhorn with dramatic vertical rock faces.,5,45.976400,7.655800
Zermatt - Snow Tubing & Snow Park,Zermatt,Snow Tubing & Snow Park,Adventure & Sports,Afternoon,outdoor,winter,clear|snowy,Fun snow tubing runs and beginner snow parks at the base of the ski area suitable for all ages.,5,46.020700,7.749100
Zermatt - Matterhorn Museum Zermatlantis,Zermatt,Matterhorn Museum Zermatlantis,Culture & History,Morning|Afternoon,indoor,spring|summer|fall|winter,any,Underground museum telling the story of Zermatt the first Matterhorn ascent and alpine village life.,5,46.020700,7.749100
Zermatt - Mountain E-Bike Tour,Zermatt,Mountain E-Bike Tour,Adventure & Sports,Morning|Afternoon,outdoor,summer|fall,clear,Guided e-mountain bike tour on Zermatt's summer trail network with Matterhorn views throughout.,5,46.020700,7.749100
Zermatt - Zermatt Nightlife & Après-Ski,Zermatt,Zermatt Nightlife & Après-Ski,Nightlife & Entertainment,Evening,both,spring|summer|fall|winter,any,Zermatt's compact village comes alive after dark with lively après-ski bars wine cellars and live music.,5,46.020700,7.749100
Zermatt - Heliskiing Experience,Zermatt,Heliskiing Experience,Adventure & Sports,Morning,outdoor,winter|spring,clear|snowy,Helicopter drop on pristine off-piste terrain for an unforgettable private powder skiing experience.,5,46.020700,7.749100
Zermatt - Stellisee Lake Reflection Walk,Zermatt,Stellisee Lake Reflection Walk,Outdoor & Nature,Morning,outdoor,spring|summer|fall,clear,Short hike to a high alpine lake offering one of the most iconic Matterhorn reflections in the world: best at dawn before wind.,2,46.015000,7.710000
Zermatt - Riffelsee Sunrise Mirror Hike,Zermatt,Riffelsee Sunrise Mirror Hike,Outdoor & Nature,Morning,outdoor,spring|summer|fall,clear,Early morning hike from Rotenboden to the Riffelsee for a perfect Matterhorn mirror reflection in still glacial water.,2,45.983600,7.785100
Zermatt - Zmuttbach River Valley Walk,Zermatt,Zmuttbach River Valley Walk,Outdoor & Nature,Morning|Afternoon,outdoor,spring|summer|fall,clear|rainy,Peaceful valley walk along the Zmuttbach stream through wildflower meadows toward the Zmutt hamlet and glacier moraines.,2,46.020700,7.719100
Zermatt - Schwarzsee Alpine Meadow Loop,Zermatt,Schwarzsee Alpine Meadow Loop,Outdoor & Nature,Morning|Afternoon,outdoor,spring|summer|fall,clear,Circular walk around the Schwarzsee at 2583m with the Matterhorn looming directly overhead and marmots in the surrounding pastures.,2,45.976400,7.655800
Zermatt - Gorner Gorge Canyon Walk,Zermatt,Gorner Gorge Canyon Walk,Outdoor & Nature,Morning|Afternoon,outdoor,spring|summer|fall,clear|rainy,Walk through the dramatic Gorner gorge carved by glacial meltwater: suspension bridges narrow catwalks and roaring turquoise water.,2,46.020700,7.749100
Zermatt - Findelbach Waterfall Trail,Zermatt,Findelbach Waterfall Trail,Outdoor & Nature,Morning|Afternoon,outdoor,spring|summer|fall,clear,Easy trail from Findeln village following the Findelbach stream down through larch forest past waterfalls to Zermatt village.,2,46.015000,7.720000
Zermatt - Sunnegga Wildflower Meadow Walk,Zermatt,Sunnegga Wildflower Meadow Walk,Outdoor & Nature,Morning|Afternoon,outdoor,spring|summer,clear,Gentle walk from Sunnegga through high-altitude meadows carpeted with alpine flowers: gentians edelweiss and alpine roses in bloom.,2,46.015000,7.710000
Zermatt - Leisee Family Lake Swim,Zermatt,Leisee Family Lake Swim,Outdoor & Nature,Afternoon,outdoor,summer,clear,Small warm alpine lake above Sunnegga reachable by funicular: ideal for families with shallow swimming areas and Matterhorn views.,2,46.015000,7.710000
Zermatt - Moosjisee Alpine Lake Circuit,Zermatt,Moosjisee Alpine Lake Circuit,Outdoor & Nature,Morning|Afternoon,outdoor,spring|summer|fall,clear,Circular hike connecting the Moosjisee and Grünsee lakes above Zermatt through boulder fields and larch forest with Matterhorn backdrops.,2,46.015000,7.720000
Zermatt - Zermatt Bakery & Café Breakfast Crawl,Zermatt,Zermatt Bakery & Café Breakfast Crawl,Food & Drink,Morning,both,spring|summer|fall|winter,any,Start the day exploring Zermatt's village bakeries and mountain cafés: fresh bread butter pastries and strong coffee before the lifts.,1,46.020700,7.749100
Zermatt - Chez Vrony Mountain Lunch Hike,Zermatt,Chez Vrony Mountain Lunch Hike,Food & Drink,Morning|Afternoon,outdoor,spring|summer|fall,clear,Hike up to the beloved Findeln restaurant for a long lazy lunch on the terrace with direct Matterhorn views and excellent Valais wine.,2,46.015000,7.720000
Zermatt - Valais Wine Cellar Tasting,Zermatt,Valais Wine Cellar Tasting,Food & Drink,Afternoon|Evening,indoor,spring|summer|fall|winter,any,Guided tasting of Valais wines in a Zermatt cellar bar: Fendant Humagne Rouge Cornalin and Petite Arvine from local producers.,2,46.020700,7.749100
Zermatt - Riffelberg Restaurant Lunch Excursion,Zermatt,Riffelberg Restaurant Lunch Excursion,Food & Drink,Morning|Afternoon,both,spring|summer|fall|winter,clear,Take the Gornergrat railway to Riffelberg for lunch at 2582m with Monte Rosa and the Matterhorn as your dining companions.,2,45.983600,7.785100
Zermatt - Herb Schnapps Tasting,Zermatt,Herb Schnapps Tasting,Food & Drink,Afternoon|Evening,indoor,spring|summer|fall|winter,any,Sample artisan Alpine herb schnapps and digestifs in one of Zermatt's specialist drink shops: gentian pine and local berry varieties.,1,46.020700,7.749100
Zermatt - Matterhorn Grill Masterclass,Zermatt,Matterhorn Grill Masterclass,Food & Drink,Evening,indoor,spring|summer|fall|winter,any,Private evening cooking class in a Zermatt chalet kitchen focusing on Valais grilled meats raclette and mountain cheese dishes.,2,46.020700,7.749100
Zermatt - Vernissage Art Bar,Zermatt,Vernissage Art Bar,Nightlife & Entertainment,Evening,indoor,spring|summer|fall|winter,any,Zermatt's most atmospheric bar: a sprawling underground space with original artwork a cinema room and an eclectic cocktail menu.,2,46.020700,7.749100
Zermatt - Broken Bar Après-Ski Session,Zermatt,Broken Bar Après-Ski Session,Nightlife & Entertainment,Evening,indoor,spring|summer|fall|winter,any,Legendary Zermatt après-ski bar packed from 3pm with skiers: live DJ sets cheap shots and a raucous outdoor terrace in the snow.,2,46.020700,7.749100
Zermatt - Elsie's Wine Bar Evening,Zermatt,Elsie's Wine Bar Evening,Nightlife & Entertainment,Evening,indoor,spring|summer|fall|winter,any,Zermatt institution since 1963: intimate wine bar with oysters game dishes and an exceptional Swiss and French wine list.,2,46.020700,7.749100
Zermatt - Pink Live Music Bar,Zermatt,Pink Live Music Bar,Nightlife & Entertainment,Evening,indoor,spring|summer|fall|winter,any,Zermatt's best live music venue with nightly bands covering rock pop and jazz in a lively basement setting.,2,46.020700,7.749100
Zermatt - Roof Bar Hotel Monte Rosa,Zermatt,Roof Bar Hotel Monte Rosa,Nightlife & Entertainment,Evening,both,spring|summer|fall|winter,any,Historic hotel bar where the first Matterhorn climbers once gathered: elegant drinks terrace and mountaineering memorabilia throughout.,2,46.020700,7.749100
Zermatt - Cervo Mountain Resort Spa,Zermatt,Cervo Mountain Resort Spa,Relaxation & Wellness,Morning|Afternoon|Evening,indoor,spring|summer|fall|winter,any,Boutique mountain spa at the Cervo hotel with an outdoor whirlpool sauna steam room and treatments using local Alpine botanicals.,2,46.020700,7.749100
Zermatt - Matterhorn Hot Tub with View,Zermatt,Matterhorn Hot Tub with View,Relaxation & Wellness,Afternoon|Evening,outdoor,spring|summer|fall|winter,any,Several Zermatt hotels offer outdoor hot tubs with unobstructed Matterhorn views: the ultimate alpine relaxation experience.,2,46.020700,7.749100
Zermatt - Zermatt Morning Yoga Retreat,Zermatt,Zermatt Morning Yoga Retreat,Relaxation & Wellness,Morning,both,spring|summer|fall|winter,any,Guided sunrise yoga sessions in Zermatt's yoga studios or on the mountain with the Matterhorn as a backdrop.,2,46.020700,7.749100
Zermatt - Sunnegga Sunrise Meditation,Zermatt,Sunnegga Sunrise Meditation,Relaxation & Wellness,Morning,outdoor,spring|summer|fall,clear,Ride the first funicular to Sunnegga at dawn for a guided meditation session at 2288m as the sun rises over the Monte Rosa massif.,1,46.015000,7.710000
Zermatt - Alpenhof Infrared Sauna,Zermatt,Alpenhof Infrared Sauna,Relaxation & Wellness,Afternoon|Evening,indoor,spring|summer|fall|winter,any,Recover from a day on the mountain in the Alpenhof hotel's infrared sauna and wellness suite with post-treatment herbal teas.,2,46.020700,7.749100
Zermatt - Zermatt English Church History Walk,Zermatt,Zermatt English Church History Walk,Culture & History,Morning|Afternoon,outdoor,spring|summer|fall|winter,clear|rainy,Walk to the Victorian English church built for 19th-century British alpinists and explore its role in the golden age of mountaineering.,1,46.020700,7.749100
Zermatt - Alpinists Memorial Graveyard,Zermatt,Alpinists Memorial Graveyard,Culture & History,Morning|Afternoon,outdoor,spring|summer|fall|winter,clear|rainy,Visit the moving cemetery beside the village church where climbers who died on the Matterhorn and surrounding peaks are buried.,1,46.020700,7.749100
Zermatt - First Matterhorn Ascent Exhibition,Zermatt,First Matterhorn Ascent Exhibition,Culture & History,Morning|Afternoon,indoor,spring|summer|fall|winter,any,Photographic and archival exhibition at the Matterhorn Museum documenting Whymper's 1865 first ascent and the tragedy that followed.,2,46.020700,7.749100
Zermatt - Traditional Chalet Architecture Tour,Zermatt,Traditional Chalet Architecture Tour,Culture & History,Morning|Afternoon,outdoor,spring|summer|fall|winter,clear|rainy,Self-guided walk noting Zermatt's protected Valais chalet architecture: log granaries stone piles and car-free lanes unchanged for centuries.,1,46.020700,7.749100
Zermatt - Schwarzsee Chapel Pilgrimage Walk,Zermatt,Schwarzsee Chapel Pilgrimage Walk,Culture & History,Morning|Afternoon,outdoor,spring|summer|fall,clear,Hike or take the cable car to the small Maria zum Schnee chapel at 2583m: a simple stone sanctuary with direct Matterhorn views.,2,45.976400,7.655800
Interlaken - Skydiving over the Alps,Interlaken,Skydiving over the Alps,Adventure & Sports,Morning|Afternoon,outdoor,spring|summer|fall,clear,Tandem skydive from 4000m with a full view of Eiger Mönch and Jungfrau on the way down.,4,46.671000,7.862700
Interlaken - Paragliding from Beatenberg,Interlaken,Paragliding from Beatenberg,Adventure & Sports,Morning|Afternoon,outdoor,spring|summer|fall,clear,Tandem paraglide from Beatenberg ridge soaring down to Interlaken with the Bernese Alps spread below.,4,46.702800,7.789800
Interlaken - Jungfraujoch Top of Europe,Interlaken,Jungfraujoch Top of Europe,Outdoor & Nature,Morning|Afternoon,both,spring|summer|fall|winter,clear,Train journey to 3454m UNESCO site with an ice palace Aletsch glacier and a research station.,4,46.547400,7.985400
Interlaken - Canyoning in Saxeten,Interlaken,Canyoning in Saxeten,Adventure & Sports,Morning|Afternoon,outdoor,spring|summer|fall,clear,Guided canyon descent with jumps slides and abseils through mountain gorges near Interlaken.,4,46.670000,7.780000
Interlaken - Lake Thun & Brienz Cruise,Interlaken,Lake Thun & Brienz Cruise,Outdoor & Nature,Afternoon,outdoor,spring|summer,clear,Double-lake boat trip framed by turquoise waterfalls steep cliffs and the full Bernese Alps range.,4,46.714100,7.729600
Interlaken - Bungee Jumping Stockhorn,Interlaken,Bungee Jumping Stockhorn,Adventure & Sports,Morning|Afternoon,outdoor,spring|summer|fall,clear,One of Europe's highest bungee jumps at 134m above a spectacular mountain gorge.,4,46.686300,7.863200
Interlaken - Town Walk & Street Dining,Interlaken,Town Walk & Street Dining,Food & Drink,Afternoon|Evening,both,spring|summer|fall|winter,any,Relaxed evening along Höheweg promenade with Swiss and international dining options.,4,46.686300,7.863200
Interlaken - River Rafting on the Lütschine,Interlaken,River Rafting on the Lütschine,Adventure & Sports,Morning|Afternoon,outdoor,spring|summer|fall,clear,White-water raft down the glacial Lütschine river with professional guides through Alpine gorges.,4,46.667100,7.862700
Interlaken - Harder Kulm Viewpoint,Interlaken,Harder Kulm Viewpoint,Outdoor & Nature,Morning|Afternoon,both,spring|summer|fall,clear,Funicular to the Two Lakes Bridge at 1322m: the iconic split-view of Lake Thun and Lake Brienz.,4,46.695600,7.863800
Interlaken - Canyon Swing Gletscherschlucht,Interlaken,Canyon Swing Gletscherschlucht,Adventure & Sports,Morning|Afternoon,outdoor,spring|summer|fall,clear,Free-fall swing into the glacier canyon gorge: one of the world's biggest adrenaline swings.,4,46.634700,8.033900
Interlaken - Monster Scooter Mountain Descent,Interlaken,Monster Scooter Mountain Descent,Adventure & Sports,Morning|Afternoon,outdoor,spring|summer|fall,clear,Ride an oversized scooter down the mountain from Grindelwald First on a 4km winding descent.,4,46.655900,8.041400
Interlaken - Interlaken Evening Bar Scene,Interlaken,Interlaken Evening Bar Scene,Nightlife & Entertainment,Evening,both,spring|summer|fall|winter,any,Interlaken has a buzzing après-adventure bar scene with outdoor terraces DJ nights and sports bars.,4,46.686300,7.863200
Interlaken - Interlaken Monastery Grounds Walk,Interlaken,Interlaken Monastery Grounds Walk,Culture & History,Morning|Afternoon,outdoor,spring|summer|fall,clear|rainy,Stroll the historic Augustinian monastery gardens at the heart of Interlaken: the medieval cloisters and grounds that gave the town its name.,1,46.686300,7.863200
Interlaken - Swiss Open Air Museum Ballenberg,Interlaken,Swiss Open Air Museum Ballenberg,Culture & History,Morning|Afternoon,outdoor,spring|summer|fall,clear|rainy,Vast open-air museum near Brienz with over 100 historic Swiss farmhouses relocated from across the country with live craft demonstrations.,3,46.751400,8.026400
Interlaken - Brienz Wood-Carving Village Visit,Interlaken,Brienz Wood-Carving Village Visit,Culture & History,Morning|Afternoon,both,spring|summer|fall|winter,any,Visit the woodcarving capital of Switzerland: workshops selling hand-carved bears chamois and furniture in a charming lakeside village.,2,46.747800,8.033900
Interlaken - Thun Castle Day Trip,Interlaken,Thun Castle Day Trip,Culture & History,Morning|Afternoon,both,spring|summer|fall|winter,any,Medieval castle towering over Thun with a rooftop walkway and history museum: 40 minutes from Interlaken by train.,2,46.758300,7.628300
Interlaken - Unterseen Village Heritage Walk,Interlaken,Unterseen Village Heritage Walk,Culture & History,Morning|Afternoon,outdoor,spring|summer|fall|winter,clear|rainy,Cross the bridge to Interlaken's quieter twin village with its 17th-century church tower market square and well-preserved old houses.,1,46.686300,7.852200
Interlaken - Brienz Rothorn Steam Train Ride,Interlaken,Brienz Rothorn Steam Train Ride,Culture & History,Morning|Afternoon,both,spring|summer|fall,clear,One of Switzerland's last steam-powered rack railways climbing to 2350m above Lake Brienz: a living piece of Victorian engineering.,3,46.747800,8.033900
Interlaken - Lake Thun Swimming Spiez,Interlaken,Lake Thun Swimming Spiez,Outdoor & Nature,Morning|Afternoon,outdoor,summer,clear,Swim from the gorgeous public lido at Spiez on Lake Thun with a medieval castle as backdrop and clear turquoise water.,2,46.691200,7.679700
Interlaken - Niederhorn Ridge Hike,Interlaken,Niederhorn Ridge Hike,Outdoor & Nature,Morning|Afternoon,outdoor,spring|summer|fall,clear,Cable car to 1963m then a ridge walk above Lake Thun and Lake Brienz with sweeping views of both lakes and the Bernese Alps.,3,46.716700,7.783300
Interlaken - Beatushöhlen Stalactite Caves,Interlaken,Beatushöhlen Stalactite Caves,Outdoor & Nature,Morning|Afternoon,indoor,spring|summer|fall,clear|rainy,Dramatic limestone cave system above Lake Thun: guided walk through stalactite chambers waterfalls and the hermit monk's legendary home.,2,46.700000,7.766700
Interlaken - Iseltwald Lakeside Walk,Interlaken,Iseltwald Lakeside Walk,Outdoor & Nature,Morning|Afternoon,outdoor,spring|summer|fall,clear,Peaceful walk to the charming peninsula village of Iseltwald on Lake Brienz: crystal water wooden jetties and steep forested cliffs.,2,46.700000,7.966700
Interlaken - Aare Gorge Canyon Hike Meiringen,Interlaken,Aare Gorge Canyon Hike Meiringen,Outdoor & Nature,Morning|Afternoon,outdoor,spring|summer|fall,clear|rainy,Spectacular narrow gorge east of Interlaken carved by the Aare through 200m limestone walls: wooden walkways above the roaring water.,2,46.716700,8.216700
Interlaken - Sigriswil Panorama Bridge Walk,Interlaken,Sigriswil Panorama Bridge Walk,Outdoor & Nature,Morning|Afternoon,outdoor,spring|summer|fall,clear,Switzerland's longest pedestrian suspension bridge at 340m spans a gorge above Lake Thun with dizzying views to the Eiger.,2,46.716700,7.750000
Interlaken - Lake Brienz Kayak Tour,Interlaken,Lake Brienz Kayak Tour,Outdoor & Nature,Morning|Afternoon,outdoor,spring|summer,clear,Kayak the impossibly blue Lake Brienz toward the Giessbach waterfall: one of Switzerland's most scenic paddling routes.,2,46.747800,8.033900
Interlaken - Beatenberg Forest Trail,Interlaken,Beatenberg Forest Trail,Outdoor & Nature,Morning|Afternoon,outdoor,spring|summer|fall,clear|rainy,Forested ridge trail above Interlaken through the Beatenberg community with filtered lake views and peaceful beech woodland.,2,46.702800,7.789800
Interlaken - Interlaken Market Marktgasse,Interlaken,Interlaken Market Marktgasse,Food & Drink,Morning,outdoor,spring|summer|fall,clear|rainy,Weekly street market along Interlaken's main shopping street with regional produce cheese meats and local crafts.,1,46.686300,7.863200
Interlaken - Schuh Confiserie Terrace Afternoon,Interlaken,Schuh Confiserie Terrace Afternoon,Food & Drink,Afternoon,outdoor,spring|summer|fall,clear,Iconic Swiss confiserie on the Höheweg with a garden terrace: legendary meringues cream cakes and hot chocolate since 1818.,2,46.686300,7.863200
Interlaken - Interlaken Craft Beer Evening,Interlaken,Interlaken Craft Beer Evening,Food & Drink,Evening,indoor,spring|summer|fall|winter,any,Interlaken's small craft beer bar scene has grown around the adventure tourism crowd: local IPAs wheat beers and après-hike snacks.,2,46.686300,7.863200
Interlaken - Ballenberg Farm Food Experience,Interlaken,Ballenberg Farm Food Experience,Food & Drink,Morning|Afternoon,outdoor,spring|summer|fall,clear|rainy,At the open-air museum watch traditional cheese-making bread baking and meat smoking then taste the results at the farm restaurant.,2,46.751400,8.026400
Interlaken - Interlaken Cheese Dairy Visit,Interlaken,Interlaken Cheese Dairy Visit,Food & Drink,Morning,indoor,spring|summer|fall|winter,any,Guided visit to a working Bernese Oberland dairy to see Emmental and Gruyère being produced with tasting of fresh and aged wheels.,2,46.686300,7.863200
Interlaken - Unterseen Restaurant Evening,Interlaken,Unterseen Restaurant Evening,Food & Drink,Evening,indoor,spring|summer|fall|winter,any,Dinner in Unterseen's quieter village restaurants: less touristy than the Höheweg with better value Swiss mountain cuisine.,2,46.686300,7.852200
Interlaken - Wine & Fondue Boat,Interlaken,Wine & Fondue Boat,Food & Drink,Evening,both,spring|summer|fall|winter,any,Evening boat cruise on Lake Thun or Brienz with Swiss fondue served on deck: a uniquely scenic alpine dining experience.,2,46.686300,7.863200
Interlaken - Interlaken Casino Evening,Interlaken,Interlaken Casino Evening,Nightlife & Entertainment,Evening,indoor,spring|summer|fall|winter,any,Grand Casino Kursaal Interlaken with roulette blackjack and slots in a belle époque building at the heart of the Höheweg.,2,46.687200,7.865400
Interlaken - Buddy's Pub Live Sport Night,Interlaken,Buddy's Pub Live Sport Night,Nightlife & Entertainment,Evening,indoor,spring|summer|fall|winter,any,Lively British-style pub on the Höheweg popular with the adventure crowd: live sport screenings pool tables and cold beers.,1,46.686300,7.863200
Interlaken - Interlaken Open-Air Cinema,Interlaken,Interlaken Open-Air Cinema,Nightlife & Entertainment,Evening,outdoor,summer,clear,Summer open-air film screenings in Interlaken with deckchairs a large screen and snack stalls under the stars between the lakes.,2,46.686300,7.863200
Interlaken - Little Buddha Club Night,Interlaken,Little Buddha Club Night,Nightlife & Entertainment,Evening,indoor,spring|summer|fall|winter,any,Interlaken's main nightclub draws a young international crowd of adventure tourists with DJ nights themed parties and a big dancefloor.,2,46.686300,7.863200
Interlaken - Victoria-Jungfrau Grand Spa,Interlaken,Victoria-Jungfrau Grand Spa,Relaxation & Wellness,Morning|Afternoon|Evening,indoor,spring|summer|fall|winter,any,Palatial 5-star hotel spa with indoor pool thermal suite sauna and full treatment menu: a grand counterpoint to Interlaken's adrenaline scene.,2,46.687200,7.865400
Interlaken - Interlaken Forest Bathing Bodmi,Interlaken,Interlaken Forest Bathing Bodmi,Relaxation & Wellness,Morning|Afternoon,outdoor,spring|summer|fall,clear|rainy,Guided Shinrin-yoku forest therapy walk in the Bodmi woodland above Grindelwald: mindful breathing and sensory immersion in Swiss forest.,2,46.655900,8.041400
Interlaken - Lake Thun Paddleboard Sunset,Interlaken,Lake Thun Paddleboard Sunset,Relaxation & Wellness,Afternoon,outdoor,spring|summer|fall,clear,Stand-up paddleboard session on glassy Lake Thun at golden hour with the Niesen pyramid and Stockhorn ridge turning pink.,2,46.714100,7.729600
Interlaken - Interlaken Meditation Morning,Interlaken,Interlaken Meditation Morning,Relaxation & Wellness,Morning,both,spring|summer|fall|winter,any,Guided morning meditation class in Interlaken with mountain views: several wellness studios offer drop-in sessions for visitors.,1,46.686300,7.863200
Interlaken - Spiez Lakeside Thermal Lounge,Interlaken,Spiez Lakeside Thermal Lounge,Relaxation & Wellness,Morning|Afternoon,indoor,spring|summer|fall|winter,any,Wellness centre at Spiez on Lake Thun with thermal pools sauna and relaxation rooms overlooking the lake and Bernese Alps.,2,46.691200,7.679700
Interlaken - Canyoning Chli Schliere,Interlaken,Canyoning Chli Schliere,Adventure & Sports,Morning|Afternoon,outdoor,spring|summer|fall,clear,Guided canyon descent in the Chli Schliere gorge: natural water slides jumps and abseils through a spectacular limestone canyon.,2,46.686300,7.863200
Interlaken - Zorbing Interlaken Hillside,Interlaken,Zorbing Interlaken Hillside,Adventure & Sports,Morning|Afternoon,outdoor,spring|summer|fall,clear,Roll downhill inside a giant transparent inflatable sphere on the slopes above Interlaken: bizarre fun for all ages.,1,46.686300,7.863200
Interlaken - Indoor Wall Climbing,Interlaken,Indoor Wall Climbing,Adventure & Sports,Morning|Afternoon|Evening,indoor,spring|summer|fall|winter,any,Interlaken's climbing gym caters to all levels with bouldering walls lead routes and training boards for bad-weather days.,2,46.686300,7.863200
Interlaken - Hang-Gliding Beatenberg Tandem,Interlaken,Hang-Gliding Beatenberg Tandem,Adventure & Sports,Morning|Afternoon,outdoor,spring|summer|fall,clear,Tandem hang-glide launching from the Beatenberg ridge: slower and more serene than paragliding with superb lake and valley views.,2,46.702800,7.789800
Interlaken - Zip-Line Harder Kulm,Interlaken,Zip-Line Harder Kulm,Adventure & Sports,Morning|Afternoon,outdoor,spring|summer|fall,clear,High-speed zip-line from the Harder Kulm viewpoint down toward the valley floor: short sharp and spectacular over the two lakes.,2,46.695600,7.863800
Grindelwald - First Cliff Walk,Grindelwald,First Cliff Walk,Adventure & Sports,Morning|Afternoon,outdoor,spring|summer|fall,clear,Breathtaking suspended cliff walk at 2168m with direct views of the Eiger North Face and valley below.,4,46.655900,8.041400
Grindelwald - Bachalpsee Hike,Grindelwald,Bachalpsee Hike,Outdoor & Nature,Morning|Afternoon,outdoor,spring|summer|fall,clear,Classic easy 2-hour hike to a mountain lake perfectly reflecting the Schreckhorn and Finsteraarhorn.,4,46.662000,8.070000
Grindelwald - Skiing & Snowboarding,Grindelwald,Skiing & Snowboarding,Adventure & Sports,Morning|Afternoon,outdoor,winter,clear|snowy,Ski the Jungfrau Ski Region connecting Grindelwald Wengen and Mürren across 213km of pisted runs.,4,46.624500,8.041400
Grindelwald - Eiger Trail Walk,Grindelwald,Eiger Trail Walk,Outdoor & Nature,Morning|Afternoon,outdoor,summer|fall,clear,Iconic trail skirting the base of the legendary Eiger North Face with up-close views of the rock wall.,4,46.576600,8.005600
Grindelwald - Jungfraujoch Excursion,Grindelwald,Jungfraujoch Excursion,Outdoor & Nature,Morning|Afternoon,both,spring|summer|fall|winter,clear,Journey to the Top of Europe directly from Grindelwald Terminal on the V-Cableway gondola.,4,46.547400,7.985400
Grindelwald - Alpine Cheese Fondue Evening,Grindelwald,Alpine Cheese Fondue Evening,Food & Drink,Afternoon|Evening,indoor,spring|summer|fall|winter,any,Traditional Swiss fondue in a cosy chalet restaurant with sweeping valley and mountain views.,4,46.624500,8.041400
Grindelwald - First Flieger Zip Line,Grindelwald,First Flieger Zip Line,Adventure & Sports,Morning|Afternoon,outdoor,spring|summer|fall,clear,High-speed zip line from Grindelwald First over the valley with panoramic views of the Bernese Alps.,4,46.655900,8.041400
Grindelwald - Männlichen Royal Walk,Grindelwald,Männlichen Royal Walk,Outdoor & Nature,Morning|Afternoon,outdoor,spring|summer|fall,clear,Europe's longest panoramic ridge walk with unobstructed views of Eiger Mönch and Jungfrau.,4,46.620000,7.940000
Grindelwald - Glacier Canyon Walk,Grindelwald,Glacier Canyon Walk,Outdoor & Nature,Morning|Afternoon,outdoor,spring|summer|fall,clear,Guided walk through the dramatic Grindelwald glacier canyon with meltwater pools and rock formations.,4,46.610000,8.045600
Grindelwald - Ski School & Lessons,Grindelwald,Ski School & Lessons,Adventure & Sports,Morning|Afternoon,outdoor,winter,clear|snowy,Private or group ski and snowboard lessons for all levels with certified instructors on the Grindelwald slopes.,4,46.624500,8.041400
Grindelwald - Nighttime Sledding,Grindelwald,Nighttime Sledding,Nightlife & Entertainment,Evening,outdoor,winter,clear|snowy,Thrilling night sled run down the illuminated Grindelwald-First slope followed by a fondue dinner.,4,46.655900,8.041400
Grindelwald - Grindelwald Village Walk & Craft Beer,Grindelwald,Grindelwald Village Walk & Craft Beer,Food & Drink,Afternoon|Evening,both,spring|summer|fall|winter,any,Stroll through Grindelwald village stopping at the local brewery and mountain taverns for regional craft beer.,4,46.624500,8.041400
Grindelwald - Grindelwald Heimatmuseum,Grindelwald,Grindelwald Heimatmuseum,Culture & History,Morning|Afternoon,indoor,spring|summer|fall|winter,any,Small folk museum in a traditional Bernese Oberland farmhouse documenting Grindelwald's history as a farming community before tourism.,1,46.624500,8.041400
Grindelwald - Eiger Documentary Screening Café,Grindelwald,Eiger Documentary Screening Café,Culture & History,Evening,indoor,spring|summer|fall|winter,any,Several Grindelwald cafés and hotels screen documentaries about Eiger north face climbing history: a gripping evening for mountain fans.,1,46.624500,8.041400
Grindelwald - Grindelwald Church Tower Visit,Grindelwald,Grindelwald Church Tower Visit,Culture & History,Morning|Afternoon,outdoor,spring|summer|fall|winter,clear|rainy,Climb the tower of Grindelwald's 19th-century Reformed church for rooftop views over the valley and directly up to the Eiger face.,1,46.624500,8.041400
Grindelwald - Eiger North Face Guided Walk,Grindelwald,Eiger North Face Guided Walk,Culture & History,Morning|Afternoon,outdoor,spring|summer|fall,clear,Guided interpretive walk to the best vantage points for the Eiger north face with a guide explaining the history of its famous ascents.,2,46.576600,8.005600
Grindelwald - Grindelwald Historic Hotel Tour,Grindelwald,Grindelwald Historic Hotel Tour,Culture & History,Morning|Afternoon,indoor,spring|summer|fall|winter,any,Self-guided tour of Grindelwald's grand Victorian hotels that established the village as one of the world's first mountain resorts.,1,46.624500,8.041400
Grindelwald - Pfingstegg Hike & Luge,Grindelwald,Pfingstegg Hike & Luge,Outdoor & Nature,Morning|Afternoon,outdoor,spring|summer|fall,clear,Cable car to Pfingstegg then a forest hike with views into the upper glacier basin followed by a summer luge descent.,2,46.624500,8.041400
Grindelwald - Upper Glacier Viewpoint Walk,Grindelwald,Upper Glacier Viewpoint Walk,Outdoor & Nature,Morning|Afternoon,outdoor,spring|summer|fall,clear,Walk from the village to the upper glacier viewpoint platform: see the retreating Grindelwald glacier up close with interpretive panels.,2,46.610000,8.045600
Grindelwald - Grindelwald Bird of Prey Sanctuary,Grindelwald,Grindelwald Bird of Prey Sanctuary,Outdoor & Nature,Morning|Afternoon,outdoor,spring|summer|fall,clear|rainy,Visit the local raptor sanctuary near Grindelwald with eagles hawks and falcons in large open enclosures: feeding demonstrations daily.,1,46.624500,8.041400
Grindelwald - Schwarze Lütschine River Walk,Grindelwald,Schwarze Lütschine River Walk,Outdoor & Nature,Morning|Afternoon,outdoor,spring|summer|fall,clear|rainy,Follow the glacial Schwarze Lütschine river downstream from Grindelwald through gorges and forest toward Zweilütschinen.,2,46.624500,8.015600
Grindelwald - Grosse Scheidegg Mountain Pass Walk,Grindelwald,Grosse Scheidegg Mountain Pass Walk,Outdoor & Nature,Morning|Afternoon,outdoor,spring|summer|fall,clear,Hike or take the postbus to the 1962m Grosse Scheidegg pass for sweeping views of the Wetterhorn and a descent to Meiringen.,3,46.658300,8.100000
Grindelwald - Grindelwald Alpine Garden,Grindelwald,Grindelwald Alpine Garden,Outdoor & Nature,Morning|Afternoon,outdoor,spring|summer,clear,Small alpine botanical garden above the village with labelled native plants wildflowers and a picnic area overlooking the Eiger.,1,46.624500,8.041400
Grindelwald - Bussalp Sunrise Photography,Grindelwald,Bussalp Sunrise Photography,Outdoor & Nature,Morning,outdoor,spring|summer|fall,clear,Drive or hike to the Bussalp alp before dawn for the finest sunrise photography spot in the Grindelwald valley: Eiger Mönch and Jungfrau lit pink.,2,46.655900,8.063100
Grindelwald - Wengen Cross-Valley Walk,Grindelwald,Wengen Cross-Valley Walk,Outdoor & Nature,Morning|Afternoon,outdoor,spring|summer|fall,clear,Train to Wengen then hike the Männlichen ridge back toward Grindelwald: the classic cross-valley traverse of the Lauterbrunnen and Grindelwald worlds.,2,46.607800,7.921900
Grindelwald - Grindelwald Cheese Dairy Tour,Grindelwald,Grindelwald Cheese Dairy Tour,Food & Drink,Morning,indoor,spring|summer|fall|winter,any,Guided visit to a working Grindelwald valley dairy to see Emmental and Bernese Oberland cheese being made with a tasting at the end.,2,46.624500,8.041400
Grindelwald - Café 3692 Breakfast,Grindelwald,Café 3692 Breakfast,Food & Drink,Morning,indoor,spring|summer|fall|winter,any,Start the day at one of Grindelwald's best mountain cafés: fresh local bread butter jam and coffee with a direct view of the Eiger.,1,46.624500,8.041400
Grindelwald - Grindelwald Schnapps Distillery,Grindelwald,Grindelwald Schnapps Distillery,Food & Drink,Afternoon,indoor,spring|summer|fall|winter,any,Visit a small Bernese Oberland distillery near Grindelwald producing artisan fruit schnapps and herbal digestifs from local ingredients.,1,46.624500,8.041400
Grindelwald - Meiringen Hasliberg Meringue Tasting,Grindelwald,Meiringen Hasliberg Meringue Tasting,Food & Drink,Morning|Afternoon,indoor,spring|summer|fall|winter,any,Day trip to Meiringen the birthplace of the meringue: taste the original cream-filled version at local confiseries and pastry shops.,1,46.716700,8.183300
Grindelwald - Kleine Scheidegg Mountain Lunch,Grindelwald,Kleine Scheidegg Mountain Lunch,Food & Drink,Morning|Afternoon,both,spring|summer|fall|winter,clear,Train up to Kleine Scheidegg for lunch at the station restaurant with the Eiger Mönch and Jungfrau directly above your table.,2,46.585300,7.961100
Grindelwald - Grindelwald Craft Beer Bar,Grindelwald,Grindelwald Craft Beer Bar,Food & Drink,Evening,indoor,spring|summer|fall|winter,any,Grindelwald's small craft beer bars cater to the après-hike crowd: local Bernese Oberland brews and hearty mountain snacks.,2,46.624500,8.041400
Grindelwald - Grindelwald Farmers Market,Grindelwald,Grindelwald Farmers Market,Food & Drink,Morning,outdoor,spring|summer|fall,clear|rainy,Weekly farmers market in Grindelwald village with local producers selling cheese honey sausage bread and seasonal mountain produce.,1,46.624500,8.041400
Grindelwald - Espresso Bar Social Evening,Grindelwald,Espresso Bar Social Evening,Nightlife & Entertainment,Evening,indoor,spring|summer|fall|winter,any,Grindelwald's coffee bars transform in the evening into relaxed social spots: local beer wine and good conversation with fellow hikers.,1,46.624500,8.041400
Grindelwald - Grindelwald Sportzentrum Events,Grindelwald,Grindelwald Sportzentrum Events,Nightlife & Entertainment,Evening,indoor,spring|summer|fall|winter,any,The Grindelwald sports centre hosts regular evening events: live music quiz nights seasonal festivals and après-ski parties.,2,46.624500,8.041400
Grindelwald - Bar Tschecka Après-Ski,Grindelwald,Bar Tschecka Après-Ski,Nightlife & Entertainment,Evening,indoor,winter,any,Grindelwald's most popular après-ski bar at the base of the slopes: warm atmosphere live music cold beers and a lively crowd.,2,46.624500,8.041400
Grindelwald - Grindelwald Open-Air Cinema,Grindelwald,Grindelwald Open-Air Cinema,Nightlife & Entertainment,Evening,outdoor,summer,clear,Summer open-air film screenings in the village with mountain backdrop: deckchairs snacks and films under the Eiger silhouette.,1,46.624500,8.041400
Grindelwald - Live Music Evening Hotel Spinne,Grindelwald,Live Music Evening Hotel Spinne,Nightlife & Entertainment,Evening,indoor,spring|summer|fall|winter,any,The Spinne hotel bar is Grindelwald's most reliable live music venue: local bands folk and pop in a cosy mountain lodge setting.,2,46.624500,8.041400
Grindelwald - Grindelwald Spa & Pool Hotel Belvedere,Grindelwald,Grindelwald Spa & Pool Hotel Belvedere,Relaxation & Wellness,Morning|Afternoon|Evening,indoor,spring|summer|fall|winter,any,Indoor pool sauna and spa treatments at the Belvedere hotel: recover from a big mountain day with direct Eiger views from the pool.,2,46.624500,8.041400
Grindelwald - Bussalp Alpine Sunrise Yoga,Grindelwald,Bussalp Alpine Sunrise Yoga,Relaxation & Wellness,Morning,outdoor,spring|summer|fall,clear,Guided sunrise yoga session on the Bussalp alp above Grindelwald: mountain air early light and Eiger Mönch and Jungfrau as backdrop.,1,46.655900,8.063100
Grindelwald - Schwarze Lütschine Riverside Meditation,Grindelwald,Schwarze Lütschine Riverside Meditation,Relaxation & Wellness,Morning|Afternoon,outdoor,spring|summer|fall,clear,Guided mindfulness session beside the Schwarze Lütschine glacial river: the sound of rushing water and mountain air for deep relaxation.,1,46.624500,8.015600
Grindelwald - Grindelwald Sauna Forest Hut,Grindelwald,Grindelwald Sauna Forest Hut,Relaxation & Wellness,Afternoon|Evening,indoor,spring|summer|fall|winter,any,Private wood-fired sauna hut in the forest above Grindelwald: book by the hour for a group with cold plunge and mountain views.,2,46.624500,8.041400
Grindelwald - Grindelwald First Mountain Cart,Grindelwald,Grindelwald First Mountain Cart,Adventure & Sports,Morning|Afternoon,outdoor,spring|summer|fall,clear,Ride a mountain cart down the winding trail from Grindelwald First: faster than walking with great views and open to all ages.,2,46.655900,8.041400
Grindelwald - Via Ferrata Classic Route,Grindelwald,Via Ferrata Classic Route,Adventure & Sports,Morning|Afternoon,outdoor,spring|summer|fall,clear,Grindelwald's classic fixed-rope climbing route on the limestone cliffs above the valley: suitable for beginners with a head for heights.,2,46.624500,8.063100
Grindelwald - Grindelwald Ice Climbing Introduction,Grindelwald,Grindelwald Ice Climbing Introduction,Adventure & Sports,Morning|Afternoon,outdoor,winter,clear|snowy,Guided introduction to ice climbing on the frozen waterfalls above Grindelwald: crampons ice axes and a certified mountain guide.,2,46.624500,8.041400
Grindelwald - Eiger Ultratrail Training Loop,Grindelwald,Eiger Ultratrail Training Loop,Adventure & Sports,Morning,outdoor,spring|summer|fall,clear,Train on sections of the famous Eiger Ultra Trail race route around the Grindelwald valley: technical terrain and big elevation gain.,2,46.624500,8.041400
Grindelwald - Grindelwald Summer Luge Track,Grindelwald,Grindelwald Summer Luge Track,Adventure & Sports,Morning|Afternoon,outdoor,spring|summer|fall,clear,Ride the summer luge track at Grindelwald First: a fast winding descent on a wheeled sled through the mountain landscape.,2,46.655900,8.041400
Grindelwald - Mountain Rope Course,Grindelwald,Mountain Rope Course,Adventure & Sports,Morning|Afternoon,outdoor,spring|summer|fall,clear,High-ropes adventure course in the forest above Grindelwald with zip lines balance beams and climbing walls for all ages.,2,46.624500,8.041400
Davos - Skiing & Snowboarding Parsenn,Davos,Skiing & Snowboarding Parsenn,Adventure & Sports,Morning|Afternoon,outdoor,winter,clear|snowy,One of Switzerland's largest ski areas: 300km of runs spanning five interconnected mountains above Davos.,4,46.837000,9.801000
Davos - Cross-Country Skiing,Davos,Cross-Country Skiing,Adventure & Sports,Morning|Afternoon,outdoor,winter,clear|snowy,75km of perfectly groomed cross-country ski trails through the wide high-altitude Davos valley.,4,46.803300,9.837800
Davos - Mountain Biking,Davos,Mountain Biking,Adventure & Sports,Morning|Afternoon,outdoor,summer|fall,clear,600km of marked mountain bike trails from relaxed valley routes to technical downhill runs.,4,46.803300,9.837800
Davos - Davosersee Lake Walk,Davos,Davosersee Lake Walk,Relaxation & Wellness,Morning|Afternoon,outdoor,spring|summer|fall,clear,Peaceful walk around the alpine lake with wellness stops wellness cafés and views of surrounding mountains.,4,46.803300,9.837800
Davos - Kirchner Museum,Davos,Kirchner Museum,Culture & History,Morning|Afternoon,indoor,spring|summer|fall|winter,any,Largest collection of Ernst Ludwig Kirchner's expressionist work in an award-winning purpose-built building.,4,46.799700,9.835500
Davos - Schatzalp Spa & Wellness,Davos,Schatzalp Spa & Wellness,Relaxation & Wellness,Morning|Afternoon|Evening,indoor,spring|summer|fall|winter,any,Historic Art Nouveau sanatorium turned hotel with full spa treatments and panoramic mountain terraces.,4,46.817500,9.829500
Davos - Paragliding Tandem Flight,Davos,Paragliding Tandem Flight,Adventure & Sports,Morning|Afternoon,outdoor,spring|summer|fall,clear,Tandem paraglide launching from the slopes above Davos with breathtaking views over the Landwasser valley.,4,46.803300,9.837800
Davos - Fat Bike Snow Tour,Davos,Fat Bike Snow Tour,Adventure & Sports,Morning|Afternoon,outdoor,winter,clear|snowy,Guided fat bike tour on snow-covered trails through the Davos forest and along the frozen valley floor.,4,46.803300,9.837800
Davos - Ice Skating on Natural Ice,Davos,Ice Skating on Natural Ice,Adventure & Sports,Morning|Afternoon,outdoor,winter,clear|snowy,Skate on one of Europe's largest natural outdoor ice rinks on the Davos lake when temperatures allow.,4,46.803300,9.837800
Davos - Snowshoeing in Sertig Valley,Davos,Snowshoeing in Sertig Valley,Outdoor & Nature,Morning|Afternoon,outdoor,winter,clear|snowy,Guided snowshoe tour into the remote and spectacularly beautiful Sertig Valley above Davos.,4,46.753300,9.883300
Davos - Davos Klosters Wine & Dine,Davos,Davos Klosters Wine & Dine,Food & Drink,Evening,indoor,spring|summer|fall|winter,any,Dinner at one of Davos's best mountain restaurants with local Graubünden specialities and regional wine.,4,46.803300,9.837800
Davos - Davos Nightlife & Après-Ski,Davos,Davos Nightlife & Après-Ski,Nightlife & Entertainment,Evening,both,winter,any,Davos has a vibrant après-ski scene with live music bars hotel lounges and the famous Cabanna Club.,4,46.803300,9.837800
Davos - Davos WEF Walking History Tour,Davos,Davos WEF Walking History Tour,Culture & History,Morning|Afternoon,outdoor,spring|summer|fall|winter,clear|rainy,Self-guided walk past the Congress Centre hotels and venues that host the World Economic Forum each January: global power in a mountain town.,1,46.803300,9.837800
Davos - Thomas Mann Sanatorium Trail,Davos,Thomas Mann Sanatorium Trail,Culture & History,Morning|Afternoon,outdoor,spring|summer|fall,clear|rainy,Follow the trail of The Magic Mountain through Davos's former sanatorium district: grand belle époque buildings that inspired the novel.,2,46.803300,9.837800
Davos - Davos Alpine Heritage Museum,Davos,Davos Alpine Heritage Museum,Culture & History,Morning|Afternoon,indoor,spring|summer|fall|winter,any,Local history museum exploring Davos's transformation from a farming hamlet to a tuberculosis cure resort to a global ski destination.,2,46.799700,9.835500
Davos - Platz Old Town Walk,Davos,Platz Old Town Walk,Culture & History,Morning|Afternoon,outdoor,spring|summer|fall|winter,clear|rainy,Stroll through Davos Platz's historic core past the late Gothic church painted facades and the oldest buildings predating the resort era.,1,46.799700,9.835500
Davos - Davos Reformed Church Visit,Davos,Davos Reformed Church Visit,Culture & History,Morning|Afternoon,indoor,spring|summer|fall|winter,any,Late Gothic church with remarkable 15th-century frescoes: one of the best-preserved medieval interiors in the Graubünden canton.,1,46.799700,9.835500
Davos - Parsenn Cable Car Historic Ride,Davos,Parsenn Cable Car Historic Ride,Culture & History,Morning|Afternoon,both,spring|summer|fall|winter,clear,The Parsennbahn opened in 1931 and helped invent modern skiing: ride it with an eye on its engineering history and alpine panoramas.,2,46.837000,9.801000
Davos - Davos Avalanche Research Centre Visit,Davos,Davos Avalanche Research Centre Visit,Culture & History,Morning|Afternoon,indoor,spring|summer|fall|winter,any,The SLF institute in Davos is the world's leading avalanche research centre: guided visits explain snow science and mountain safety.,2,46.803300,9.837800
Davos - Davos Klosters Mountain Flower Hike,Davos,Davos Klosters Mountain Flower Hike,Outdoor & Nature,Morning|Afternoon,outdoor,spring|summer,clear,Guided botanical hike through the Davos and Klosters high meadows in June and July when alpine flowers carpet the slopes.,2,46.803300,9.837800
Davos - Flüela Pass Summit Walk,Davos,Flüela Pass Summit Walk,Outdoor & Nature,Morning|Afternoon,outdoor,spring|summer|fall,clear,Drive or cycle to the 2383m Flüela Pass then hike the surrounding ridges with views into the Engadin and Prättigau valleys.,2,46.758300,9.958300
Davos - Landwasser Viaduct Panorama Walk,Davos,Landwasser Viaduct Panorama Walk,Outdoor & Nature,Morning|Afternoon,outdoor,spring|summer|fall,clear,Walk to the viewpoint above the famous Rhaetian Railway Landwasser Viaduct: watch the red train cross the soaring limestone arches.,2,46.683300,9.666700
Davos - Monstein Village Alpine Walk,Davos,Monstein Village Alpine Walk,Outdoor & Nature,Morning|Afternoon,outdoor,spring|summer|fall,clear,Hike up to Monstein the highest wine-producing village in Europe with sweeping views over the Davos valley and a small local brewery.,2,46.750000,9.816700
Davos - Dischma Valley Full Day Hike,Davos,Dischma Valley Full Day Hike,Outdoor & Nature,Morning|Afternoon,outdoor,spring|summer|fall,clear,Full-day hike into the remote Dischma valley above Davos: alpine huts chamois glacial streams and a genuine wilderness feeling.,3,46.753300,9.883300
Davos - Davos Forest Trail Brembuhl,Davos,Davos Forest Trail Brembuhl,Outdoor & Nature,Morning|Afternoon,outdoor,spring|summer|fall,clear|rainy,Peaceful woodland circuit through the Brembuhl forest above Davos Dorf: shaded trails pine trees and occasional lake glimpses.,2,46.817500,9.829500
Davos - Schwarzsee Mountain Swim,Davos,Schwarzsee Mountain Swim,Outdoor & Nature,Afternoon,outdoor,summer,clear,Wild swim in the Schwarzsee alpine lake above Davos: cool clear water surrounded by forest and meadow with no crowds.,2,46.783300,9.866700
Davos - Davos E-Bike Prättigau Valley,Davos,Davos E-Bike Prättigau Valley,Outdoor & Nature,Morning|Afternoon,outdoor,spring|summer|fall,clear,Guided e-bike descent from Davos through the Klosters pass and into the green Prättigau valley: farming villages and river trails.,2,46.803300,9.837800
Davos - Sertig Valley Autumn Foliage Walk,Davos,Sertig Valley Autumn Foliage Walk,Outdoor & Nature,Morning|Afternoon,outdoor,fall,clear,The Sertig valley turns gold in October as the larches change: one of the most spectacular autumn walks in the Swiss Alps.,2,46.753300,9.883300
Davos - Davos Farmers Market Winter,Davos,Davos Farmers Market Winter,Food & Drink,Morning,outdoor,winter,clear|snowy,Weekly winter market in Davos Platz with local producers selling mountain cheese sausage bread and handmade crafts.,1,46.799700,9.835500
Davos - Berggasthaus Grialetsch Lunch Hike,Davos,Berggasthaus Grialetsch Lunch Hike,Food & Drink,Morning|Afternoon,outdoor,spring|summer|fall,clear,Hike to the remote Grialetsch mountain hut above Davos for lunch: a three-hour approach rewarded with hearty food and glacier views.,2,46.716700,9.933300
Davos - Davos Graubünden Wine Evening,Davos,Davos Graubünden Wine Evening,Food & Drink,Evening,indoor,spring|summer|fall|winter,any,Guided tasting of Graubünden's best Pinot Noir and Chardonnay in a Davos wine bar: the canton produces some of Switzerland's finest reds.,2,46.803300,9.837800
Davos - Davos Local Schnapps Tasting,Davos,Davos Local Schnapps Tasting,Food & Drink,Afternoon|Evening,indoor,spring|summer|fall|winter,any,Sample artisan Graubünden fruit and herb schnapps at a local distillery or specialist bar: Williams pear pine and gentian varieties.,1,46.803300,9.837800
Davos - Monstein Mountain Cheese Farm,Davos,Monstein Mountain Cheese Farm,Food & Drink,Morning|Afternoon,both,spring|summer|fall,clear,Visit the working dairy at Monstein village to see alpine cheese being made and taste wheels aged in the mountain cellar.,2,46.750000,9.816700
Davos - Klosters Fondue Restaurant Evening,Davos,Klosters Fondue Restaurant Evening,Food & Drink,Evening,indoor,spring|summer|fall|winter,any,Take the train to charming Klosters village for fondue or raclette in one of its cosy traditional restaurants away from the Davos crowds.,2,46.883300,9.883300
Davos - Davos Piano Bar Hotel Flüela,Davos,Davos Piano Bar Hotel Flüela,Nightlife & Entertainment,Evening,indoor,spring|summer|fall|winter,any,Elegant piano bar in the historic Hotel Flüela in Davos Platz: live music cocktails and a refined mountain atmosphere since 1865.,2,46.799700,9.835500
Davos - Bolgen Plaza Après-Ski Party,Davos,Bolgen Plaza Après-Ski Party,Nightlife & Entertainment,Evening,both,winter,any,Davos's most popular après-ski venue at the base of the Jakobshorn: outdoor terrace DJs live acts and an enormous party crowd.,2,46.799700,9.835500
Davos - Davos Open-Air Summer Concert,Davos,Davos Open-Air Summer Concert,Nightlife & Entertainment,Evening,outdoor,summer,any,Summer concert series held in the Davos Congress Centre grounds and outdoor venues: classical jazz and pop under mountain skies.,2,46.803300,9.837800
Davos - Klosters Village Bar Evening,Davos,Klosters Village Bar Evening,Nightlife & Entertainment,Evening,indoor,spring|summer|fall|winter,any,The bars of Klosters village are quieter and more intimate than Davos: a short train ride for a relaxed local evening atmosphere.,2,46.883300,9.883300
Davos - Davos Comedy Night Hotel Europe,Davos,Davos Comedy Night Hotel Europe,Nightlife & Entertainment,Evening,indoor,spring|summer|fall|winter,any,Seasonal stand-up comedy and cabaret evenings hosted at Davos hotels drawing Swiss and international performers.,1,46.803300,9.837800
Davos - Davos Waldhotel Forest Healing Walk,Davos,Davos Waldhotel Forest Healing Walk,Relaxation & Wellness,Morning|Afternoon,outdoor,spring|summer|fall,clear|rainy,Guided therapeutic forest walk run by the Waldhotel health resort combining altitude air immuno-therapy and mindful movement.,2,46.817500,9.829500
Davos - Davos Altitude Yoga Morning,Davos,Davos Altitude Yoga Morning,Relaxation & Wellness,Morning,both,spring|summer|fall|winter,any,Morning yoga classes at Davos wellness studios or hotel rooftops: the high altitude clean air and mountain views enhance the practice.,2,46.803300,9.837800
Davos - Davos Salt Cave Therapy,Davos,Davos Salt Cave Therapy,Relaxation & Wellness,Morning|Afternoon,indoor,spring|summer|fall|winter,any,Halotherapy session in a purpose-built salt cave in Davos: ionised salt air at altitude for respiratory and skin benefits.,2,46.803300,9.837800
Davos - Klosters Spa Retreat,Davos,Klosters Spa Retreat,Relaxation & Wellness,Morning|Afternoon|Evening,indoor,spring|summer|fall|winter,any,Full-day wellness retreat at a Klosters hotel spa with thermal pools massage treatments and a serene alpine setting.,2,46.883300,9.883300
Davos - Davos Cold Plunge River Therapy,Davos,Davos Cold Plunge River Therapy,Relaxation & Wellness,Morning,outdoor,spring|summer|fall,clear,Guided Wim Hof-style cold water immersion in a Davos mountain stream: breathwork and ice-cold plunging at altitude.,2,46.803300,9.837800
Davos - Davos Sound Healing Session,Davos,Davos Sound Healing Session,Relaxation & Wellness,Afternoon|Evening,indoor,spring|summer|fall|winter,any,Tibetan singing bowl and sound bath session in a Davos wellness centre: an hour of vibrational therapy in a mountain setting.,1,46.803300,9.837800
St. Moritz - Skiing & Snowboarding Corviglia,St. Moritz,Skiing & Snowboarding Corviglia,Adventure & Sports,Morning|Afternoon,outdoor,winter,clear|snowy,Glamorous ski area with 350km of runs and the world's most legendary après-ski and mountain restaurant scene.,4,46.516700,9.850000
St. Moritz - White Turf & Ice Events,St. Moritz,White Turf & Ice Events,Nightlife & Entertainment,Afternoon,outdoor,winter,clear|snowy,Unique events on the frozen St. Moritz lake: ice polo world cup and White Turf horse racing on ice.,4,46.490800,9.835500
St. Moritz - Engadin Lake Walk,St. Moritz,Engadin Lake Walk,Outdoor & Nature,Morning|Afternoon,outdoor,spring|summer|fall,clear,Serene walks along the turquoise Engadin lakes surrounded by larch forests and snow-capped peaks.,4,46.500000,9.850000
St. Moritz - Segantini Museum,St. Moritz,Segantini Museum,Culture & History,Morning|Afternoon,indoor,spring|summer|fall|winter,any,Dedicated museum displaying the luminous Alpine landscapes of Giovanni Segantini in a domed stone building.,4,46.490800,9.835500
St. Moritz - Fine Dining & Après-Ski,St. Moritz,Fine Dining & Après-Ski,Food & Drink,Afternoon|Evening,indoor,spring|summer|fall|winter,any,St. Moritz's world-class restaurant scene from Michelin-starred dining to rustic mountain hut cuisine.,4,46.490800,9.835500
St. Moritz - Cresta Run & Bobsled,St. Moritz,Cresta Run & Bobsled,Adventure & Sports,Morning,outdoor,winter,clear|snowy,Ride the legendary 1200m Cresta toboggan run or join a guided pilot bobsled on the Olympic track.,4,46.500000,9.833300
St. Moritz - Paragliding Tandem Engadin,St. Moritz,Paragliding Tandem Engadin,Adventure & Sports,Morning|Afternoon,outdoor,spring|summer|fall,clear,Tandem paraglide over the Engadin valley with views of the lake the peaks and the surrounding larch forests.,4,46.500000,9.850000
St. Moritz - Diavolezza Glacier Hike,St. Moritz,Diavolezza Glacier Hike,Outdoor & Nature,Morning|Afternoon,outdoor,spring|summer|fall,clear,Cable car to 2978m followed by a guided glacier walk on the Pers Glacier with Bernina massif views.,4,46.408300,9.966700
St. Moritz - Engadin E-Bike Tour,St. Moritz,Engadin E-Bike Tour,Outdoor & Nature,Morning|Afternoon,outdoor,spring|summer|fall,clear,Guided e-bike tour around the Engadin valley lakes and through the larch forests above St. Moritz.,4,46.500000,9.850000
St. Moritz - Engadin Museum,St. Moritz,Engadin Museum,Culture & History,Morning|Afternoon,indoor,spring|summer|fall|winter,any,Regional museum in a traditional Engadin house exploring the history art and culture of the Upper Engadin.,4,46.490800,9.835500
St. Moritz - St. Moritz Nightlife & Casino,St. Moritz,St. Moritz Nightlife & Casino,Nightlife & Entertainment,Evening,indoor,spring|summer|fall|winter,any,St. Moritz glitters at night: the Casino the King's Social House and glamorous hotel bars set the scene.,4,46.490800,9.835500
St. Moritz - Via Serlas Luxury Shopping,St. Moritz,Via Serlas Luxury Shopping,Culture & History,Morning|Afternoon,indoor,spring|summer|fall|winter,any,Browse the luxury boutiques of Via Serlas: St. Moritz's answer to the Champs-Élysées in the Alps.,4,46.490800,9.835500
St. Moritz - Maloja Village & Lake Walk,St. Moritz,Maloja Village & Lake Walk,Outdoor & Nature,Morning|Afternoon,outdoor,spring|summer|fall,clear,Gentle walk through the historic Maloja pass village along the chain of Engadin lakes with views of the surrounding larch forests.,2,46.406400,9.696400
St. Moritz - Sils Maria Peninsula Walk,St. Moritz,Sils Maria Peninsula Walk,Outdoor & Nature,Morning|Afternoon,outdoor,spring|summer|fall,clear,Walk the narrow peninsula jutting into the Silsersee where Nietzsche spent his summers: pure silence turquoise water and mountain reflections.,2,46.433300,9.766700
St. Moritz - Pontresina Roseg Valley Hike,St. Moritz,Pontresina Roseg Valley Hike,Outdoor & Nature,Morning|Afternoon,outdoor,spring|summer|fall,clear,Flat carriage road or hiking trail through the stunning Roseg glacier valley: ibex wildflowers and the Roseg glacier at its head.,3,46.483300,9.900000
St. Moritz - Furtschellas Panorama Hike,St. Moritz,Furtschellas Panorama Hike,Outdoor & Nature,Morning|Afternoon,outdoor,spring|summer|fall,clear,Cable car from Sils to Furtschellas then a high ridge walk with sweeping views over all five Engadin lakes and the Bernina massif.,2,46.433300,9.766700
St. Moritz - Corvatsch Wildflower Meadow Walk,St. Moritz,Corvatsch Wildflower Meadow Walk,Outdoor & Nature,Morning|Afternoon,outdoor,spring|summer,clear,Take the Corvatsch cable car to 3303m then descend through high alpine meadows covered in summer wildflowers and marmot colonies.,2,46.416700,9.816700
St. Moritz - Lej Nair Bog Ecosystem Walk,St. Moritz,Lej Nair Bog Ecosystem Walk,Outdoor & Nature,Morning|Afternoon,outdoor,spring|summer|fall,clear|rainy,Guided nature walk around the Lej Nair peat bog: a rare Alpine ecosystem with carnivorous plants sundews and specialist birdlife.,2,46.490800,9.835500
St. Moritz - Silsersee Sunrise Paddle,St. Moritz,Silsersee Sunrise Paddle,Outdoor & Nature,Morning,outdoor,spring|summer|fall,clear,Early morning stand-up paddleboard or canoe on the Silsersee: the largest and wildest of the Engadin lakes at dawn before the wind picks up.,2,46.433300,9.750000
St. Moritz - Silvaplana Windsurfing Lesson,St. Moritz,Silvaplana Windsurfing Lesson,Outdoor & Nature,Morning|Afternoon,outdoor,spring|summer|fall,clear,The Maloja wind makes Silvaplana one of Europe's top windsurfing and kitesurfing lakes: lessons available for all levels.,3,46.458300,9.791700
St. Moritz - Engadin Forest Ski Tour Spring,St. Moritz,Engadin Forest Ski Tour Spring,Outdoor & Nature,Morning|Afternoon,outdoor,spring,clear|snowy,Guided spring ski touring through the larch forests above St. Moritz: long days soft snow and the Engadin lakes shimmering below.,2,46.500000,9.850000
St. Moritz - St. Moritz Sunday Brunch Badrutt's,St. Moritz,St. Moritz Sunday Brunch Badrutt's,Food & Drink,Morning,indoor,spring|summer|fall|winter,any,The legendary Sunday champagne brunch at Badrutt's Palace Hotel: an extravagant Engadin institution with live music and lake views.,2,46.497800,9.837800
St. Moritz - Engadin Nut Tart Baking Class,St. Moritz,Engadin Nut Tart Baking Class,Food & Drink,Morning|Afternoon,indoor,spring|summer|fall|winter,any,Learn to bake the Engadiner Nusstorte in a local kitchen: the iconic caramelised walnut pastry that defines the region's food culture.,2,46.490800,9.835500
St. Moritz - St. Moritz Truffle Dinner,St. Moritz,St. Moritz Truffle Dinner,Food & Drink,Evening,indoor,winter|fall,any,Seasonal truffle tasting menu at one of St. Moritz's Michelin-starred restaurants: Alba and Périgord truffles paired with Engadin wines.,2,46.490800,9.835500
St. Moritz - Pontresina Mountain Lunch Hike,St. Moritz,Pontresina Mountain Lunch Hike,Food & Drink,Morning|Afternoon,outdoor,spring|summer|fall,clear,Hike up from Pontresina to a mountain hut restaurant for a long lazy lunch on the terrace with the Bernina massif spread before you.,2,46.483300,9.900000
St. Moritz - Engadin Wine Cellar Zuoz,St. Moritz,Engadin Wine Cellar Zuoz,Food & Drink,Afternoon|Evening,indoor,spring|summer|fall|winter,any,Guided tasting of Graubünden wines in the historic cellar of Zuoz village: Pinot Noir Chardonnay and rare regional varieties.,2,46.600000,9.958300
St. Moritz - Sils Maria Kaffee & Kuchen,St. Moritz,Sils Maria Kaffee & Kuchen,Food & Drink,Afternoon,indoor,spring|summer|fall|winter,any,Afternoon coffee and cake at a historic Sils Maria café: homemade Engadin nut tart Bündner Birnbrot and views to the frozen lake.,1,46.433300,9.766700
St. Moritz - St. Moritz Cheese Raclette Evening,St. Moritz,St. Moritz Cheese Raclette Evening,Food & Drink,Evening,indoor,spring|summer|fall|winter,any,Traditional raclette dinner at a Pontresina or St. Moritz chalet restaurant using Graubünden mountain cheese with local charcuterie.,2,46.490800,9.835500
St. Moritz - Dracula Club Night,St. Moritz,Dracula Club Night,Nightlife & Entertainment,Evening,indoor,winter,any,St. Moritz's legendary members club opens its doors to visitors in the winter season: the most glamorous nightlife in the Alps.,2,46.490800,9.835500
St. Moritz - Kulm Hotel Curling Evening,St. Moritz,Kulm Hotel Curling Evening,Nightlife & Entertainment,Evening,outdoor,winter,clear|snowy,Play a round of curling on the Kulm Hotel's private outdoor rink then retire to the cosy bar for Glühwein and Alpine snacks.,2,46.497800,9.837800
St. Moritz - Engadin Film Festival Screening,St. Moritz,Engadin Film Festival Screening,Nightlife & Entertainment,Evening,indoor,winter,any,Annual film festival bringing arthouse and international cinema to St. Moritz with screenings in intimate hotel venues.,2,46.490800,9.835500
St. Moritz - Kempinski Bar Piano Evening,St. Moritz,Kempinski Bar Piano Evening,Nightlife & Entertainment,Evening,indoor,spring|summer|fall|winter,any,Sophisticated piano bar at the Grand Hotel des Bains Kempinski: live jazz cocktails and a refined après-ski atmosphere.,2,46.490800,9.835500
St. Moritz - Pontresina Midsummer Festival,St. Moritz,Pontresina Midsummer Festival,Nightlife & Entertainment,Evening,outdoor,summer,any,Annual summer village festival in Pontresina with live folk music dancing local food and lanterns along the valley floor.,2,46.483300,9.900000
St. Moritz - Badrutt's Palace Spa,St. Moritz,Badrutt's Palace Spa,Relaxation & Wellness,Morning|Afternoon|Evening,indoor,spring|summer|fall|winter,any,Iconic hotel spa with indoor and outdoor pools steam rooms saunas and treatments using Swiss Alpine botanicals in a palace setting.,3,46.497800,9.837800
St. Moritz - Engadin Sunrise Meditation Lej da Staz,St. Moritz,Engadin Sunrise Meditation Lej da Staz,Relaxation & Wellness,Morning,outdoor,spring|summer|fall,clear,Guided sunrise meditation at the Lej da Staz forest lake above St. Moritz: silence larch trees and mountain reflections at dawn.,1,46.516700,9.850000
St. Moritz - St. Moritz Alpine Flotation Therapy,St. Moritz,St. Moritz Alpine Flotation Therapy,Relaxation & Wellness,Morning|Afternoon,indoor,spring|summer|fall|winter,any,Float tank therapy in St. Moritz: sensory deprivation session to recover from skiing or hiking followed by guided relaxation.,2,46.490800,9.835500
St. Moritz - Pontresina Forest Bathing Roseg,St. Moritz,Pontresina Forest Bathing Roseg,Relaxation & Wellness,Morning|Afternoon,outdoor,spring|summer|fall,clear|rainy,Guided Shinrin-yoku forest therapy in the larch woodlands of the Roseg valley: one of the most serene landscapes in Switzerland.,2,46.483300,9.900000
St. Moritz - Kempinski Hotel Thermal Spa,St. Moritz,Kempinski Hotel Thermal Spa,Relaxation & Wellness,Morning|Afternoon|Evening,indoor,spring|summer|fall|winter,any,Full-service thermal spa at the Grand Hotel des Bains with indoor lap pool outdoor hot tub sauna and extensive treatment menu.,2,46.490800,9.835500
St. Moritz - St. Moritz Art Gallery Opening,St. Moritz,St. Moritz Art Gallery Opening,Culture & History,Evening,indoor,spring|summer|fall|winter,any,St. Moritz hosts a cluster of world-class contemporary art galleries: seasonal openings draw international collectors and artists.,2,46.490800,9.835500
St. Moritz - Nietzsche House Museum Sils Maria,St. Moritz,Nietzsche House Museum Sils Maria,Culture & History,Morning|Afternoon,indoor,spring|summer|fall|winter,any,The simple room where Nietzsche conceived Thus Spoke Zarathustra: a small museum in the Sils Maria house he occupied for seven summers.,2,46.433300,9.766700
St. Moritz - Segantini Art Pilgrimage Maloja,St. Moritz,Segantini Art Pilgrimage Maloja,Culture & History,Morning|Afternoon,outdoor,spring|summer|fall,clear,Walk the Engadin landscape that inspired Giovanni Segantini's luminous Alpine paintings then visit sites he documented in his work.,2,46.406400,9.696400
St. Moritz - Engadin Folk Costume Museum,St. Moritz,Engadin Folk Costume Museum,Culture & History,Morning|Afternoon,indoor,spring|summer|fall|winter,any,Regional museum in Zuoz exploring the elaborate embroidered costumes jewellery and folk traditions of the Upper Engadin valleys.,2,46.600000,9.958300
St. Moritz - Via Serlas Luxury Shopping,St. Moritz,Via Serlas Luxury Shopping,Culture & History,Morning|Afternoon,indoor,spring|summer|fall|winter,any,Browse the luxury boutiques lining St. Moritz's famous shopping street: Cartier Bulgari Hermès and Swiss watchmakers side by side.,2,46.490800,9.835500
St. Moritz - Cresta Run Spectator Morning,St. Moritz,Cresta Run Spectator Morning,Culture & History,Morning,outdoor,winter,clear|snowy,Watch riders on the legendary 1200m Cresta toboggan run from the spectator points: a unique and thrilling piece of living sporting history.,2,46.500000,9.833300
Lugano - Lake Lugano Boat Trip,Lugano,Lake Lugano Boat Trip,Outdoor & Nature,Afternoon,outdoor,spring|summer,clear,Scenic cruise to Gandria fishing village and around Monte San Salvatore on the Italian-Swiss lake.,4,46.003700,8.951100
Lugano - Monte San Salvatore Hike,Lugano,Monte San Salvatore Hike,Outdoor & Nature,Morning|Afternoon,outdoor,spring|summer|fall,clear,Hike or funicular to 912m with a dramatic 360-degree panorama over Lugano lake and the Alps.,4,45.943300,8.925000
Lugano - Old Town & Piazza della Riforma,Lugano,Old Town & Piazza della Riforma,Culture & History,Morning|Afternoon|Evening,both,spring|summer|fall|winter,any,Lugano's pedestrianised piazza painted churches and arcaded lanes in the sunny Ticino capital.,4,46.003700,8.951100
Lugano - MASI Art Museum,Lugano,MASI Art Museum,Culture & History,Morning|Afternoon,indoor,spring|summer|fall|winter,any,Major contemporary and modern art museum in a restored Renaissance palazzo on the main square.,4,46.003700,8.951100
Lugano - Gandria Village Walk,Lugano,Gandria Village Walk,Culture & History,Morning|Afternoon,outdoor,spring|summer|fall,clear,Picturesque car-free fishing village clinging to a steep hillside above the lake reached by boat.,4,46.005000,9.016700
Lugano - Aperitivo & Cocktail Bar Scene,Lugano,Aperitivo & Cocktail Bar Scene,Nightlife & Entertainment,Evening,both,spring|summer|fall|winter,any,Lugano's elegant Italian-influenced aperitivo scene in rooftop bars and lakefront terraces.,4,46.003700,8.951100
Lugano - Parco Civico Lakefront Stroll,Lugano,Parco Civico Lakefront Stroll,Relaxation & Wellness,Morning|Afternoon,outdoor,spring|summer|fall,clear,Relaxing walk through Lugano's lakeside public park with exotic plants sculptures and swans.,4,46.003700,8.951100
Lugano - Monte Brè Funicular & Summit,Lugano,Monte Brè Funicular & Summit,Outdoor & Nature,Morning|Afternoon,outdoor,spring|summer|fall,clear,Steep funicular to 925m Monte Brè: the sunniest mountain in Switzerland with a charming summit village.,4,46.016700,8.988300
Lugano - Swissminiatur,Lugano,Swissminiatur,Culture & History,Morning|Afternoon,outdoor,spring|summer|fall,clear,Outdoor park featuring 1:25 scale replicas of Switzerland's most famous buildings bridges and landmarks.,4,45.943300,8.950000
Lugano - Hermann Hesse Museum,Lugano,Hermann Hesse Museum,Culture & History,Morning|Afternoon,indoor,spring|summer|fall|winter,any,Museum in Montagnola dedicated to Nobel Prize-winning author Hermann Hesse who lived his last years in Ticino.,4,45.963300,8.976700
Lugano - Brissago Islands Day Trip,Lugano,Brissago Islands Day Trip,Outdoor & Nature,Morning|Afternoon,outdoor,spring|summer,clear,Boat trip to the subtropical botanical gardens on the Brissago Islands in Lake Maggiore.,4,46.116700,8.750000
Lugano - Lugano Nightlife & Clubs,Lugano,Lugano Nightlife & Clubs,Nightlife & Entertainment,Evening,indoor,spring|summer|fall|winter,any,Lugano has a surprisingly lively nightlife: rooftop bars club nights and live jazz in the Old Town.,4,46.003700,8.951100
Lugano - Lugano Canton Museum History Walk,Lugano,Lugano Canton Museum History Walk,Culture & History,Morning|Afternoon,indoor,spring|summer|fall|winter,any,Cantonal history museum in Villa Ciani presenting Ticino's political cultural and artistic heritage from Roman times to the present.,2,46.003700,8.951100
Lugano - Villa Ciani Art Exhibition,Lugano,Villa Ciani Art Exhibition,Culture & History,Morning|Afternoon,indoor,spring|summer|fall|winter,any,Elegant neoclassical villa in the Parco Civico hosting rotating contemporary and modern art exhibitions with lakeside sculpture garden.,2,46.003700,8.951100
Lugano - Lugano Art Nouveau Architecture Tour,Lugano,Lugano Art Nouveau Architecture Tour,Culture & History,Morning|Afternoon,outdoor,spring|summer|fall|winter,clear|rainy,Self-guided walk through Lugano's surprisingly rich collection of Liberty-style buildings from the early 20th-century banking boom.,2,46.003700,8.951100
Lugano - Morcote Village Church Frescoes,Lugano,Morcote Village Church Frescoes,Culture & History,Morning|Afternoon,both,spring|summer|fall|winter,any,Visit the frescoed church of Santa Maria del Sasso above Morcote: 15th-century paintings in one of Switzerland's most beautiful villages.,2,45.928300,8.906700
Lugano - Lugano Sacro Monte Pilgrimage Walk,Lugano,Lugano Sacro Monte Pilgrimage Walk,Culture & History,Morning|Afternoon,outdoor,spring|summer|fall,clear|rainy,Walk the 14 chapels of the UNESCO Sacro Monte above Lugano: Baroque frescoes life-size terracotta figures and lake panoramas.,2,46.016700,8.933300
Lugano - Comano Pottery Museum,Lugano,Comano Pottery Museum,Culture & History,Morning|Afternoon,indoor,spring|summer|fall|winter,any,Specialist ceramics museum in Comano north of Lugano tracing the history and craft of Swiss and international pottery.,1,46.066700,8.966700
Lugano - LAC Cultural Centre Guided Tour,Lugano,LAC Cultural Centre Guided Tour,Culture & History,Morning|Afternoon,indoor,spring|summer|fall|winter,any,Architecture tour of Lugano's striking LAC arts centre on the lakefront: a Mario Botta-inspired building housing art music and theatre.,2,46.003700,8.951100
Lugano - Lugano Cantonal Library Visit,Lugano,Lugano Cantonal Library Visit,Culture & History,Morning|Afternoon,indoor,spring|summer|fall|winter,any,Ticino's main library in a historic palazzo with rotating exhibitions on regional history literature and the Italian-Swiss cultural heritage.,1,46.003700,8.951100
Lugano - Lugano Lakeshore Cycling Paradiso,Lugano,Lugano Lakeshore Cycling Paradiso,Outdoor & Nature,Morning|Afternoon,outdoor,spring|summer|fall,clear,Cycle the flat lakefront promenade from Lugano through Paradiso and on toward Melide with views across to Monte San Salvatore.,2,45.997500,8.949000
Lugano - Val Colla Hiking Day Trip,Lugano,Val Colla Hiking Day Trip,Outdoor & Nature,Morning|Afternoon,outdoor,spring|summer|fall,clear,Drive or bus to the Val Colla north of Lugano for a full day of hiking through remote chestnut forests and alpine meadows.,2,46.116700,9.016700
Lugano - Monte Generoso Day Trip,Lugano,Monte Generoso Day Trip,Outdoor & Nature,Morning|Afternoon,both,spring|summer|fall,clear,Rack railway to 1704m Monte Generoso with Mario Botta's Fiore di Pietra restaurant and a panorama spanning the Alps and Po plain.,3,45.933300,9.016700
Lugano - Piano di Magadino Wetlands Walk,Lugano,Piano di Magadino Wetlands Walk,Outdoor & Nature,Morning,outdoor,spring|summer|fall,clear,Birdwatching and nature walk through the Magadino plain wetlands: one of Switzerland's most important migratory bird staging areas.,2,46.150000,8.850000
Lugano - Gola di Lago Canyon Walk,Lugano,Gola di Lago Canyon Walk,Outdoor & Nature,Morning|Afternoon,outdoor,spring|summer|fall,clear,Dramatic gorge walk north of Lugano through a narrow limestone canyon with suspension bridges and a hidden emerald lake at the top.,2,46.083300,9.000000
Lugano - Lake Ceresio Kayak Tour,Lugano,Lake Ceresio Kayak Tour,Outdoor & Nature,Morning|Afternoon,outdoor,spring|summer,clear,Guided kayak tour on Lake Lugano paddling to hidden coves the Gandria shoreline and across to the Italian side of the lake.,2,46.003700,8.951100
Lugano - Melide Causeway Walk,Lugano,Melide Causeway Walk,Outdoor & Nature,Morning|Afternoon,outdoor,spring|summer|fall,clear|rainy,Walk or cycle the narrow causeway across Lake Lugano to Melide: trains cars and pedestrians share this improbable strip of land.,1,45.934700,8.941700
Lugano - Agno Lagoon Birdwatching,Lugano,Agno Lagoon Birdwatching,Outdoor & Nature,Morning,outdoor,spring|summer|fall,clear,Early morning birdwatching at the Agno lagoon at the western end of Lake Lugano: herons egrets kingfishers and migrating waders.,2,45.993900,8.899400
Lugano - Lugano Piazza Aperitivo Evening,Lugano,Lugano Piazza Aperitivo Evening,Food & Drink,Evening,outdoor,spring|summer|fall,clear,Join locals for the Italian-style aperitivo ritual on Piazza della Riforma: Campari Spritz or local Ticino wine with olives and chips.,2,46.003700,8.951100
Lugano - Ticino Merlot Winery Visit,Lugano,Ticino Merlot Winery Visit,Food & Drink,Afternoon,both,spring|summer|fall,clear,Guided tour and tasting at a Ticino Merlot estate in the Mendrisio wine region: the Italian-Swiss sun produces rich full-bodied reds.,3,45.866700,8.983300
Lugano - Lugano Chocolate Factory Alprose,Lugano,Lugano Chocolate Factory Alprose,Food & Drink,Morning|Afternoon,indoor,spring|summer|fall|winter,any,Tour the Alprose chocolate factory in Caslano with a museum tasting room and viewing gallery overlooking the production floor.,2,45.966700,8.866700
Lugano - Lugano Saturday Market Piazza Riforma,Lugano,Lugano Saturday Market Piazza Riforma,Food & Drink,Morning,outdoor,spring|summer|fall,clear|rainy,Lugano's weekly market filling the main piazza with Ticino farmers selling cheese polenta honey chestnuts and seasonal produce.,1,46.003700,8.951100
Lugano - Comano Ceramics & Wine Afternoon,Lugano,Comano Ceramics & Wine Afternoon,Food & Drink,Afternoon,both,spring|summer|fall,clear,Combine a visit to Comano's pottery museum with a tasting at a nearby Ticino winery: a relaxed cultural and gastronomic afternoon.,1,46.066700,8.966700
Lugano - Bellinzona Market Trip,Lugano,Bellinzona Market Trip,Food & Drink,Morning,outdoor,spring|summer|fall,clear|rainy,Short train ride to Bellinzona for its celebrated Saturday market under the UNESCO castle walls: the best food market in Ticino.,1,46.195800,9.023600
Lugano - Lugano Craft Beer Bar Cassarate,Lugano,Lugano Craft Beer Bar Cassarate,Food & Drink,Afternoon|Evening,indoor,spring|summer|fall|winter,any,Lugano's craft beer scene has grown up in the Cassarate district: local Ticino microbrews and international craft beers in a relaxed bar.,2,46.008300,8.958300
Lugano - Caslano Grappa Distillery Visit,Lugano,Caslano Grappa Distillery Visit,Food & Drink,Afternoon,indoor,spring|summer|fall|winter,any,Tour a working Ticino grappa distillery in Caslano: see copper pot stills taste aged and young grappas and local fruit distillates.,2,45.966700,8.866700
Lugano - LAC Concert Evening,Lugano,LAC Concert Evening,Nightlife & Entertainment,Evening,indoor,spring|summer|fall|winter,any,World-class classical and contemporary music concerts at Lugano's stunning LAC arts centre on the lakefront.,2,46.003700,8.951100
Lugano - Carnevale di Lugano Parade,Lugano,Carnevale di Lugano Parade,Nightlife & Entertainment,Afternoon|Evening,outdoor,winter,any,Lugano's colourful winter carnival with costumed parades music and street parties: a lively Italian-influenced celebration.,2,46.003700,8.951100
Lugano - Lugano Rooftop Bar Splendide Royal,Lugano,Lugano Rooftop Bar Splendide Royal,Nightlife & Entertainment,Evening,outdoor,spring|summer|fall,clear,Elegant rooftop terrace bar at the Splendide Royal hotel: cocktails with panoramic lake views as the sun sets behind Monte San Salvatore.,2,46.003700,8.951100
Lugano - Live Jazz Bar Brazil,Lugano,Live Jazz Bar Brazil,Nightlife & Entertainment,Evening,indoor,spring|summer|fall|winter,any,Lugano's most intimate jazz venue with regular live acts a warm atmosphere and a good wine and cocktail list in the Old Town.,2,46.003700,8.951100
Lugano - Lugano Open-Air Cinema Lakeside,Lugano,Lugano Open-Air Cinema Lakeside,Nightlife & Entertainment,Evening,outdoor,summer,clear,Summer film screenings on the lakefront with the water and mountains as backdrop: deckchairs snacks and films under the stars.,2,46.003700,8.951100
Lugano - Lugano Estival Jazz Festival,Lugano,Lugano Estival Jazz Festival,Nightlife & Entertainment,Afternoon|Evening,outdoor,summer,any,Free outdoor jazz festival on the Lugano lakefront piazzas each July: world-class acts on multiple stages with a relaxed Italian vibe.,3,46.003700,8.951100
Lugano - Villa Principe Leopoldo Spa,Lugano,Villa Principe Leopoldo Spa,Relaxation & Wellness,Morning|Afternoon|Evening,indoor,spring|summer|fall|winter,any,Luxurious hillside hotel spa above Lugano with indoor pool sauna panoramic terrace and Alpine botanical treatments.,2,46.008300,8.941700
Lugano - Lake Lugano Paddleboard Morning,Lugano,Lake Lugano Paddleboard Morning,Relaxation & Wellness,Morning,outdoor,spring|summer|fall,clear,Early morning stand-up paddleboard on the glassy lake from the Lido di Lugano: warm water mountain reflections and total calm.,2,46.003700,8.951100
Lugano - Morcote Garden Afternoon,Lugano,Morcote Garden Afternoon,Relaxation & Wellness,Afternoon,outdoor,spring|summer|fall,clear,Spend a slow afternoon in Morcote's terraced gardens above the lake: Mediterranean plants stone walls and views across to Italy.,2,45.928300,8.906700
Lugano - Lugano Lakeside Hammam Paradiso,Lugano,Lugano Lakeside Hammam Paradiso,Relaxation & Wellness,Morning|Afternoon,indoor,spring|summer|fall|winter,any,Traditional hammam in the Paradiso district offering full steam scrub and massage rituals steps from the lakefront promenade.,2,45.997500,8.949000
Lugano - Agra Hillside Yoga Retreat,Lugano,Agra Hillside Yoga Retreat,Relaxation & Wellness,Morning,outdoor,spring|summer|fall,clear,Morning yoga classes at retreat centres in the Agra hills above Lugano with panoramic lake and mountain views.,2,46.033300,8.966700
Lugano - Lugano Indoor Climbing,Lugano,Lugano Indoor Climbing,Adventure & Sports,Morning|Afternoon|Evening,indoor,spring|summer|fall|winter,any,Lugano's bouldering and climbing gym with routes for all levels: a popular spot for locals on rainy Ticino days.,2,46.003700,8.951100
Lugano - Monte San Salvatore Trail Run,Lugano,Monte San Salvatore Trail Run,Adventure & Sports,Morning,outdoor,spring|summer|fall,clear,Run the steep trail up Monte San Salvatore from Paradiso to the 912m summit: a lung-busting 45-minute ascent with lake panoramas.,2,45.943300,8.925000
Lugano - Lake Lugano Sailing Lesson,Lugano,Lake Lugano Sailing Lesson,Adventure & Sports,Morning|Afternoon,outdoor,spring|summer,clear,Learn to sail on Lake Lugano with the Lugano sailing school: the lake's thermal winds make it an ideal learning environment.,2,46.003700,8.951100
Lugano - Verzasca Valley Wild Swimming,Lugano,Verzasca Valley Wild Swimming,Adventure & Sports,Morning|Afternoon,outdoor,spring|summer|fall,clear,Drive to the emerald Verzasca river for wild swimming in crystal-clear turquoise pools: one of Switzerland's most beautiful valleys.,2,46.333300,8.866700
Locarno - Locarno Film Festival,Locarno,Locarno Film Festival,Culture & History,Afternoon|Evening,outdoor,summer,any,International festival screening blockbusters and arthouse films on the giant Piazza Grande outdoor screen.,3,46.170500,8.799700
Locarno - Madonna del Sasso Sanctuary,Locarno,Madonna del Sasso Sanctuary,Culture & History,Morning|Afternoon,both,spring|summer|fall|winter,any,Pilgrimage church high above the town reachable by funicular with sweeping views over Lake Maggiore.,3,46.180000,8.798300
Locarno - Lake Maggiore Beach,Locarno,Lake Maggiore Beach,Relaxation & Wellness,Morning|Afternoon,outdoor,spring|summer,clear,Palm-lined lakeside beaches with a warm Mediterranean microclimate: swimming sunbathing and paddling.,3,46.170500,8.799700
Locarno - Cardada-Cimetta Hike,Locarno,Cardada-Cimetta Hike,Outdoor & Nature,Morning|Afternoon,outdoor,spring|summer|fall,clear,Cable car and chairlift to 1672m followed by alpine meadow walks with lake panoramas.,3,46.186700,8.776700
Locarno - Old Town & Evening Piazzas,Locarno,Old Town & Evening Piazzas,Culture & History,Morning|Afternoon|Evening,both,spring|summer|fall|winter,any,Arcaded streets Visconti castle ruins and vibrant evening piazzas in Ticino's Italian-speaking canton.,3,46.170500,8.799700
Locarno - Centovalli Railway,Locarno,Centovalli Railway,Culture & History,Morning|Afternoon,both,spring|summer|fall|winter,any,Scenic narrow-gauge train through the Hundred Valleys to Domodossola: one of Europe's most beautiful rail journeys.,3,46.170500,8.799700
Locarno - Brissago Islands Boat Trip,Locarno,Brissago Islands Boat Trip,Outdoor & Nature,Morning|Afternoon,outdoor,spring|summer,clear,Boat trip to the subtropical botanical gardens on the Brissago Islands in the middle of Lake Maggiore.,3,46.116700,8.750000
Locarno - Verzasca Valley & Bungee Jump,Locarno,Verzasca Valley & Bungee Jump,Adventure & Sports,Morning|Afternoon,outdoor,spring|summer|fall,clear,Drive to the emerald Verzasca river valley for wild swimming or the famous 220m Verzasca Dam bungee jump.,3,46.333300,8.866700
Locarno - Locarno Bar & Piazza Nightlife,Locarno,Locarno Bar & Piazza Nightlife,Nightlife & Entertainment,Evening,both,spring|summer|fall|winter,any,Locarno's piazzas fill up at night with aperitivo bars wine terraces and occasional live music events.,3,46.170500,8.799700
Locarno - Locarno Visconti Castle Museum,Locarno,Locarno Visconti Castle Museum,Culture & History,Morning|Afternoon,indoor,spring|summer|fall|winter,any,Medieval castle at the heart of Locarno with a museum of local archaeology art and the history of the Visconti dynasty.,2,46.170500,8.799700
Locarno - Locarno Bell'Arte Gallery,Locarno,Locarno Bell'Arte Gallery,Culture & History,Morning|Afternoon,indoor,spring|summer|fall|winter,any,Contemporary art gallery in Locarno's Old Town presenting rotating exhibitions of Swiss and international modern artists.,2,46.170500,8.799700
Locarno - Valle Maggia Village Heritage Walk,Locarno,Valle Maggia Village Heritage Walk,Culture & History,Morning|Afternoon,outdoor,spring|summer|fall,clear|rainy,Drive up the wild Valle Maggia to explore stone-built Ticinese villages with their Romanesque churches and alpine traditions.,2,46.383300,8.700000
Locarno - Ascona Art Colony Walk,Locarno,Ascona Art Colony Walk,Culture & History,Morning|Afternoon,outdoor,spring|summer|fall|winter,clear|rainy,Walk around Ascona's lakefront and Monte Verità hill where early 20th-century artists anarchists and utopians built an artists colony.,2,46.154200,8.773100
Locarno - Muralto Early Christian Basilica,Locarno,Muralto Early Christian Basilica,Culture & History,Morning|Afternoon,indoor,spring|summer|fall|winter,any,Early Christian basilica in Muralto with remarkable 5th-century foundations and medieval frescoes steps from Locarno station.,1,46.166700,8.799700
Locarno - Ronco sopra Ascona Village Walk,Locarno,Ronco sopra Ascona Village Walk,Culture & History,Morning|Afternoon,outdoor,spring|summer|fall,clear,Hike or drive to the hilltop village of Ronco above Ascona: stone lanes flowering terraces and lake views across to the islands.,2,46.133300,8.741700
Locarno - Locarno Film Archive Screening,Locarno,Locarno Film Archive Screening,Culture & History,Evening,indoor,spring|summer|fall|winter,any,Year-round screenings at Locarno's film archive and Rex cinema celebrating the legacy of the world's longest-running film festival.,2,46.170500,8.799700
Locarno - Valle Verzasca Full Hiking Day,Locarno,Valle Verzasca Full Hiking Day,Outdoor & Nature,Morning|Afternoon,outdoor,spring|summer|fall,clear,Full day in the emerald Verzasca valley: hike from Lavertezzo past the Roman bridge through turquoise pools and granite boulders.,3,46.333300,8.866700
Locarno - Ascona Lakefront Promenade Walk,Locarno,Ascona Lakefront Promenade Walk,Outdoor & Nature,Morning|Afternoon|Evening,outdoor,spring|summer|fall,clear,Stroll the palm-lined Ascona lakefront with its colourful houses flower beds and views across Lake Maggiore to the Brissago islands.,2,46.154200,8.773100
Locarno - Cardada Flora Trail,Locarno,Cardada Flora Trail,Outdoor & Nature,Morning|Afternoon,outdoor,spring|summer|fall,clear,Cable car to Cardada then walk the botanical trail through alpine meadows with labelled native plants and lake panoramas.,2,46.186700,8.776700
Locarno - Gordola Wetlands Walk,Locarno,Gordola Wetlands Walk,Outdoor & Nature,Morning,outdoor,spring|summer|fall,clear,Birdwatching and nature walk through the protected wetlands of the Magadino plain: herons egrets and migratory waterfowl.,2,46.150000,8.850000
Locarno - Tenero Lakeside Cycle,Locarno,Tenero Lakeside Cycle,Outdoor & Nature,Morning|Afternoon,outdoor,spring|summer|fall,clear,Flat cycling route from Locarno through Tenero along the delta of the Verzasca river to the eastern shore of Lake Maggiore.,2,46.166700,8.833300
Locarno - Minusio Coastal Path,Locarno,Minusio Coastal Path,Outdoor & Nature,Morning|Afternoon,outdoor,spring|summer|fall,clear|rainy,Quiet lakeside footpath east of Locarno through Minusio's residential gardens and small beaches with views to the alps.,1,46.175000,8.816700
Locarno - Orselina Village Forest Loop,Locarno,Orselina Village Forest Loop,Outdoor & Nature,Morning|Afternoon,outdoor,spring|summer|fall,clear|rainy,Forest walk above Locarno through the Orselina chestnut woods with filtered lake views and a stop at the funicular village.,2,46.183300,8.798300
Locarno - Locarno Subtropical Garden Walk,Locarno,Locarno Subtropical Garden Walk,Outdoor & Nature,Morning|Afternoon,outdoor,spring|summer|fall,clear,Explore the exotic gardens of Locarno and Ascona: palms oleanders magnolias and subtropical plants in the mild Maggiore microclimate.,1,46.170500,8.799700
Locarno - Locarno Thursday Market,Locarno,Locarno Thursday Market,Food & Drink,Morning,outdoor,spring|summer|fall,clear|rainy,Weekly market on the Piazza Grande with Ticino farmers selling cheese polenta honey chestnut flour and seasonal produce.,1,46.170500,8.799700
Locarno - Ascona Lakeside Restaurant Evening,Locarno,Ascona Lakeside Restaurant Evening,Food & Drink,Evening,outdoor,spring|summer|fall,clear,Dinner on one of Ascona's famous lakefront restaurant terraces: Ticino cuisine risotto and grilled fish with lake views.,2,46.154200,8.773100
Locarno - Ticino Polenta & Stew Evening,Locarno,Ticino Polenta & Stew Evening,Food & Drink,Evening,indoor,spring|summer|fall|winter,any,Traditional Ticinese dinner of creamy polenta with braised meat stewed mushrooms and local Merlot in a grotto restaurant.,2,46.170500,8.799700
Locarno - Valle Maggia Cheese & Salami Tasting,Locarno,Valle Maggia Cheese & Salami Tasting,Food & Drink,Morning|Afternoon,indoor,spring|summer|fall|winter,any,Taste artisan Valle Maggia cheeses and air-dried salami at a farm in the valley: goat cheese semi-hard wheels and rustic charcuterie.,2,46.383300,8.700000
Locarno - Locarno Aperitivo Piazza Grande,Locarno,Locarno Aperitivo Piazza Grande,Food & Drink,Afternoon|Evening,outdoor,spring|summer|fall,clear,Aperitivo hour on the Piazza Grande: Campari Spritz or local Merlot at a café table on one of Switzerland's grandest squares.,2,46.170500,8.799700
Locarno - Terre di Pedemonte Winery,Locarno,Terre di Pedemonte Winery,Food & Drink,Afternoon,both,spring|summer|fall,clear,Guided tour and tasting at one of Ticino's finest Merlot estates in the Pedemonte hills above Lake Maggiore.,2,46.183300,8.833300
Locarno - Ascona Jazz Festival Evening,Locarno,Ascona Jazz Festival Evening,Nightlife & Entertainment,Evening,outdoor,summer,any,World-class free outdoor jazz festival on the Ascona lakefront each June and July: international artists on a stunning lake stage.,3,46.154200,8.773100
Locarno - Locarno Full Moon Piazza Dinner,Locarno,Locarno Full Moon Piazza Dinner,Nightlife & Entertainment,Evening,outdoor,spring|summer|fall,clear,Dine under the stars on the vast Piazza Grande with the old arcades lit up and the warm Ticino evening air around you.,1,46.170500,8.799700
Locarno - Locarno Hotel Bar Piano Night,Locarno,Locarno Hotel Bar Piano Night,Nightlife & Entertainment,Evening,indoor,spring|summer|fall|winter,any,Elegant piano bar evenings at Locarno's grand lakefront hotels: live music cocktails and a refined Ticino atmosphere.,2,46.170500,8.799700
Locarno - Valle Maggia Music Concert,Locarno,Valle Maggia Music Concert,Nightlife & Entertainment,Evening,outdoor,spring|summer|fall,any,Seasonal open-air classical and folk concerts held in Valle Maggia villages: intimate performances in stone piazzas at dusk.,2,46.383300,8.700000
Locarno - Locarno Lakeside Yoga Sunrise,Locarno,Locarno Lakeside Yoga Sunrise,Relaxation & Wellness,Morning,outdoor,spring|summer|fall,clear,Guided sunrise yoga on the Locarno lakefront promenade: gentle practice with the Alps reflected in the still morning lake.,1,46.170500,8.799700
Locarno - Tenero Thermal Pool Afternoon,Locarno,Tenero Thermal Pool Afternoon,Relaxation & Wellness,Morning|Afternoon,indoor,spring|summer|fall|winter,any,Thermal pool and wellness centre at Tenero on the lake shore with indoor and outdoor pools sauna and full treatment menu.,2,46.166700,8.833300
Locarno - Ascona Wellness Spa Casa Berno,Locarno,Ascona Wellness Spa Casa Berno,Relaxation & Wellness,Morning|Afternoon|Evening,indoor,spring|summer|fall|winter,any,Hillside hotel spa above Ascona with pool terrace sauna and massage treatments overlooking the lake and islands.,2,46.154200,8.773100
Locarno - Verzasca Wild Swimming,Locarno,Verzasca Wild Swimming,Relaxation & Wellness,Afternoon,outdoor,spring|summer|fall,clear,Swim in the impossibly clear turquoise pools of the Verzasca river beneath the famous Roman bridge at Lavertezzo.,3,46.333300,8.866700
Locarno - Locarno Indoor Climbing,Locarno,Locarno Indoor Climbing,Adventure & Sports,Morning|Afternoon|Evening,indoor,spring|summer|fall|winter,any,Climbing and bouldering gym in the Locarno area with routes for all levels: a good wet-weather option in the region.,2,46.170500,8.799700
Locarno - Cardada Mountain Biking,Locarno,Cardada Mountain Biking,Adventure & Sports,Morning|Afternoon,outdoor,spring|summer|fall,clear,Mountain bike descents from Cardada and Cimetta through the forest trails above Locarno with lake panoramas.,2,46.186700,8.776700
Locarno - Lake Maggiore Kayak Tour,Locarno,Lake Maggiore Kayak Tour,Adventure & Sports,Morning|Afternoon,outdoor,spring|summer,clear,Guided kayak tour on Lake Maggiore from Locarno to the Brissago Islands: turquoise water subtropical shores and mountain reflections.,2,46.170500,8.799700
Locarno - Verzasca Dam Bungee Jump,Locarno,Verzasca Dam Bungee Jump,Adventure & Sports,Morning|Afternoon,outdoor,spring|summer|fall,clear,The famous 220m bungee jump from the Verzasca Dam wall immortalised in the James Bond film GoldenEye: one of the world's highest.,2,46.333300,8.866700
St. Gallen - Abbey Library,St. Gallen,Abbey Library,Culture & History,Morning|Afternoon,indoor,spring|summer|fall|winter,any,One of the world's oldest and most beautiful Baroque libraries: a UNESCO World Heritage site.,3,47.422600,9.377500
St. Gallen - Old Town Walking Tour,St. Gallen,Old Town Walking Tour,Culture & History,Morning|Afternoon,outdoor,spring|summer|fall,clear|rainy,Explore the oriel-windowed buildings and market squares of the prosperous medieval textile city.,3,47.422600,9.377500
St. Gallen - Textile Museum,St. Gallen,Textile Museum,Culture & History,Morning|Afternoon,indoor,spring|summer|fall|winter,any,Traces St. Gallen's centuries-old embroidery and lace heritage that once clothed European royalty.,3,47.423100,9.382500
St. Gallen - Säntis Mountain Hike,St. Gallen,Säntis Mountain Hike,Outdoor & Nature,Morning|Afternoon,outdoor,spring|summer|fall,clear,Cable car or serious hike to 2502m: the highest peak in eastern Switzerland with seven-country views.,3,47.249300,9.344000
St. Gallen - Bratwurst & Local Food Evening,St. Gallen,Bratwurst & Local Food Evening,Food & Drink,Afternoon|Evening,both,spring|summer|fall|winter,any,The famous St. Gallen white sausage served with bread and mustard — a local staple not to miss.,3,47.422600,9.377500
St. Gallen - Smartphone City Scavenger Hunt,St. Gallen,Smartphone City Scavenger Hunt,Culture & History,Morning|Afternoon,outdoor,spring|summer|fall,clear|rainy,Interactive self-guided city game using your phone to solve riddles and discover St. Gallen's hidden gems.,3,47.422600,9.377500
St. Gallen - Hot Air Balloon Flight Ostschweiz,St. Gallen,Hot Air Balloon Flight Ostschweiz,Outdoor & Nature,Morning,outdoor,spring|summer|fall,clear,Private hot air balloon flight over eastern Switzerland and the Rhine valley at sunrise.,3,47.422600,9.377500
St. Gallen - Bodensee Day Trip,St. Gallen,Bodensee Day Trip,Outdoor & Nature,Morning|Afternoon,outdoor,spring|summer,clear,Short train ride to Lake Constance for a lakeside stroll boat trip and the charming old town of Konstanz.,3,47.648800,9.176400
St. Gallen - St. Gallen Nightlife & Bars,St. Gallen,St. Gallen Nightlife & Bars,Nightlife & Entertainment,Evening,both,spring|summer|fall|winter,any,St. Gallen's Old Town has a lively student-driven bar scene with wine bars cocktail lounges and club nights.,3,47.422600,9.377500
St. Gallen - Stiftsbezirk Heritage Walk,St. Gallen,Stiftsbezirk Heritage Walk,Culture & History,Morning|Afternoon,outdoor,spring|summer|fall|winter,clear|rainy,Walk the UNESCO Abbey precinct beyond the library: the cathedral cloisters bishop's palace and the medieval monastery complex.,2,47.422600,9.377500
St. Gallen - Kunstmuseum St. Gallen,St. Gallen,Kunstmuseum St. Gallen,Culture & History,Morning|Afternoon,indoor,spring|summer|fall|winter,any,Major regional art museum with an outstanding collection of 19th and 20th century Swiss art and strong contemporary exhibitions.,2,47.423100,9.379700
St. Gallen - St. Gallen Embroidery Atelier Visit,St. Gallen,St. Gallen Embroidery Atelier Visit,Culture & History,Morning|Afternoon,indoor,spring|summer|fall|winter,any,Visit a working embroidery atelier to see the Schiffli machines still producing St. Gallen lace: a craft that built the city's fortune.,2,47.423100,9.382500
St. Gallen - Stadtlounge Design Walk,St. Gallen,Stadtlounge Design Walk,Culture & History,Morning|Afternoon,outdoor,spring|summer|fall|winter,clear|rainy,Walk through Pipilotti Rist's red-carpeted Stadtlounge installation: the entire Raiffeisen square reimagined as an outdoor living room.,1,47.422600,9.377500
St. Gallen - Kirchhofer Contemporary Gallery,St. Gallen,Kirchhofer Contemporary Gallery,Culture & History,Morning|Afternoon,indoor,spring|summer|fall|winter,any,One of eastern Switzerland's leading commercial galleries presenting emerging and established contemporary artists.,2,47.422600,9.377500
St. Gallen - Kantonsbibliothek Vadiana,St. Gallen,Kantonsbibliothek Vadiana,Culture & History,Morning|Afternoon,indoor,spring|summer|fall|winter,any,Historic cantonal library with illuminated manuscripts incunabula and a rare collection of Reformation-era documents.,1,47.422600,9.377500
St. Gallen - Naturmuseum St. Gallen,St. Gallen,Naturmuseum St. Gallen,Culture & History,Morning|Afternoon,indoor,spring|summer|fall|winter,any,Natural history museum with geology palaeontology and wildlife dioramas covering the ecosystems of eastern Switzerland.,1,47.423100,9.379700
St. Gallen - Alpstein Panorama Hike Aescher,St. Gallen,Alpstein Panorama Hike Aescher,Outdoor & Nature,Morning|Afternoon,outdoor,spring|summer|fall,clear,Hike to the legendary Gasthaus Aescher cliff guesthouse embedded in a rock face above Appenzell: one of Switzerland's most dramatic viewpoints.,3,47.281700,9.431700
St. Gallen - Sitter River Gorge Walk,St. Gallen,Sitter River Gorge Walk,Outdoor & Nature,Morning|Afternoon,outdoor,spring|summer|fall,clear|rainy,Walk through the dramatic Sitter gorge southwest of St. Gallen: a hidden canyon with bridges waterfalls and lush riverside forest.,2,47.400000,9.350000
St. Gallen - St. Gallen Botanical Garden,St. Gallen,St. Gallen Botanical Garden,Outdoor & Nature,Morning|Afternoon,outdoor,spring|summer|fall,clear|rainy,City botanical garden in the Fürstenland district with alpine plants tropical greenhouses and a relaxing park setting.,2,47.423100,9.379700
St. Gallen - Rorschach Lakeside Stroll,St. Gallen,Rorschach Lakeside Stroll,Outdoor & Nature,Morning|Afternoon,outdoor,spring|summer|fall,clear,Train to Rorschach for a lakeside walk along Lake Constance with art nouveau villas a grain warehouse and mountain views.,2,47.478300,9.491900
St. Gallen - Säntis Sunrise Chairlift Walk,St. Gallen,Säntis Sunrise Chairlift Walk,Outdoor & Nature,Morning,outdoor,spring|summer|fall,clear,Take the first cable car to the Säntis at dawn for sunrise over seven countries: one of the most spectacular views in Switzerland.,2,47.249300,9.344000
St. Gallen - Kreuzbleiche Park Picnic,St. Gallen,Kreuzbleiche Park Picnic,Outdoor & Nature,Morning|Afternoon,outdoor,spring|summer|fall,clear,St. Gallen's main city park with a pond lawns and shaded benches: a favourite local spot for a picnic on a sunny afternoon.,1,47.422600,9.377500
St. Gallen - Bodensee Cycle to Arbon,St. Gallen,Bodensee Cycle to Arbon,Outdoor & Nature,Morning|Afternoon,outdoor,spring|summer|fall,clear,Cycle from St. Gallen down to the Lake Constance shore and along the waterfront to the medieval town of Arbon.,2,47.516700,9.433300
St. Gallen - St. Gallen Sunday Market Bohl,St. Gallen,St. Gallen Sunday Market Bohl,Food & Drink,Morning,outdoor,spring|summer|fall,clear|rainy,St. Gallen's weekly market on the Bohl square with regional farmers artisan cheese bread honey and seasonal produce.,1,47.422600,9.377500
St. Gallen - Appenzeller Dairy Experience,St. Gallen,Appenzeller Dairy Experience,Food & Drink,Morning|Afternoon,indoor,spring|summer|fall|winter,any,Full guided visit to an Appenzell cheese dairy: see the wheels being made taste fresh and aged Appenzeller and learn the secret herb recipe.,2,47.331700,9.409900
St. Gallen - St. Gallen Beer Garden Birreria,St. Gallen,St. Gallen Beer Garden Birreria,Food & Drink,Afternoon|Evening,outdoor,spring|summer|fall,clear,St. Gallen's best beer garden serving local Schützengarten brewery beers with traditional food in a convivial outdoor setting.,2,47.422600,9.377500
St. Gallen - Grünenfelder Kellerei Wine Tasting,St. Gallen,Grünenfelder Kellerei Wine Tasting,Food & Drink,Afternoon|Evening,indoor,spring|summer|fall|winter,any,Tasting at one of eastern Switzerland's best wine cellars: St. Gallen canton produces excellent Pinot Noir and Müller-Thurgau.,2,47.422600,9.377500
St. Gallen - St. Gallen Bratwurst Masterclass,St. Gallen,St. Gallen Bratwurst Masterclass,Food & Drink,Morning|Afternoon,indoor,spring|summer|fall|winter,any,Learn to make the famous St. Gallen Schüblig and Bratwurst in a butcher's workshop: the veal sausage that defines the city's food identity.,2,47.422600,9.377500
St. Gallen - Olma Fair Food Experience,St. Gallen,Olma Fair Food Experience,Food & Drink,Morning|Afternoon,both,fall,any,Switzerland's largest agricultural fair held each October in St. Gallen: regional food producers Swiss cheese and the famous Olma Bratwurst.,2,47.422600,9.377500
St. Gallen - Kellerbühne Theatre Evening,St. Gallen,Kellerbühne Theatre Evening,Nightlife & Entertainment,Evening,indoor,spring|summer|fall|winter,any,St. Gallen's beloved independent theatre in a basement venue: innovative productions and classic plays in an intimate setting.,2,47.422600,9.377500
St. Gallen - St. Gallen Open-Air Cinema,St. Gallen,St. Gallen Open-Air Cinema,Nightlife & Entertainment,Evening,outdoor,summer,clear,Summer open-air film screenings in St. Gallen's parks and squares: deckchairs snacks and films under the eastern Swiss sky.,2,47.422600,9.377500
St. Gallen - Kugl Club Night,St. Gallen,Kugl Club Night,Nightlife & Entertainment,Evening,indoor,spring|summer|fall|winter,any,St. Gallen's largest club and live music venue: a converted warehouse with multiple floors hosting techno house and live concerts.,2,47.422600,9.377500
St. Gallen - Pfalzkeller Medieval Bar,St. Gallen,Pfalzkeller Medieval Bar,Nightlife & Entertainment,Evening,indoor,spring|summer|fall|winter,any,Bar and cultural venue in a historic vaulted cellar beneath the Abbey precinct: atmospheric stone walls and a strong drinks programme.,2,47.422600,9.377500
St. Gallen - Stimmrecht Bar Evening,St. Gallen,Stimmrecht Bar Evening,Nightlife & Entertainment,Evening,indoor,spring|summer|fall|winter,any,St. Gallen's most politically spirited bar: lively debates local beer and a diverse crowd in a relaxed Old Town setting.,1,47.422600,9.377500
St. Gallen - Sitter Valley Forest Bathing,St. Gallen,Sitter Valley Forest Bathing,Relaxation & Wellness,Morning|Afternoon,outdoor,spring|summer|fall,clear|rainy,Guided Shinrin-yoku forest therapy in the Sitter valley woodland: mindful walking breathing and immersion in the riverside forest.,2,47.400000,9.350000
St. Gallen - St. Gallen Spa Hotel Ekkehard,St. Gallen,St. Gallen Spa Hotel Ekkehard,Relaxation & Wellness,Morning|Afternoon|Evening,indoor,spring|summer|fall|winter,any,City hotel spa in central St. Gallen with sauna steam room and massage treatments: a rare wellness retreat in an urban setting.,2,47.422600,9.377500
St. Gallen - Bodensee Paddleboard Morning,St. Gallen,Bodensee Paddleboard Morning,Relaxation & Wellness,Morning,outdoor,spring|summer|fall,clear,Stand-up paddleboard session on Lake Constance at Rorschach or Arbon: flat water mountain views and a peaceful morning ritual.,2,47.478300,9.491900
St. Gallen - Alpstein Sunrise Meditation,St. Gallen,Alpstein Sunrise Meditation,Relaxation & Wellness,Morning,outdoor,spring|summer|fall,clear,Guided sunrise meditation on the Alpstein ridges above Appenzell: crisp mountain air silence and the rolling Säntis landscape at dawn.,1,47.281700,9.431700
St. Gallen - St. Gallen Mindfulness Walk,St. Gallen,St. Gallen Mindfulness Walk,Relaxation & Wellness,Morning|Afternoon,outdoor,spring|summer|fall,clear|rainy,Guided mindfulness walk through St. Gallen's historic centre and Stadtpark: pause notice and reconnect in a medieval cityscape.,1,47.422600,9.377500
St. Gallen - Indoor Climbing Flashpoint,St. Gallen,Indoor Climbing Flashpoint,Adventure & Sports,Morning|Afternoon|Evening,indoor,spring|summer|fall|winter,any,St. Gallen's bouldering and lead climbing gym with routes for all levels equipment hire and a friendly community atmosphere.,2,47.422600,9.377500
St. Gallen - Hot Air Balloon Ostschweiz,St. Gallen,Hot Air Balloon Ostschweiz,Adventure & Sports,Morning,outdoor,spring|summer|fall,clear,Sunrise hot air balloon flight over the Rhine valley and Lake Constance from St. Gallen: vast views and total silence at altitude.,2,47.422600,9.377500
St. Gallen - Säntis Trail Run,St. Gallen,Säntis Trail Run,Adventure & Sports,Morning,outdoor,spring|summer|fall,clear,Trail run on the lower Alpstein slopes above Appenzell: technical rocky terrain big elevation and sweeping views over eastern Switzerland.,2,47.249300,9.344000
St. Gallen - Bodensee Sailing Lesson,St. Gallen,Bodensee Sailing Lesson,Adventure & Sports,Morning|Afternoon,outdoor,spring|summer|fall,clear,Learn to sail on Lake Constance at Rorschach: the large open lake and reliable winds make it one of Switzerland's best sailing schools.,2,47.478300,9.491900
Appenzell - Village & Town Hall Square,Appenzell,Village & Town Hall Square,Culture & History,Morning|Afternoon,outdoor,spring|summer|fall,clear|rainy,Colourful painted facades folk art shops and the Landsgemeinde square of Switzerland's most traditional canton.,3,47.331700,9.409900
Appenzell - Ebenalp Hike & Wildkirchli Caves,Appenzell,Ebenalp Hike & Wildkirchli Caves,Outdoor & Nature,Morning|Afternoon,outdoor,spring|summer|fall,clear,Hike to 1644m cliff-face hermit caves and a mountain guesthouse with dramatic valley panoramas.,3,47.281700,9.431700
Appenzell - Seealpsee Alpine Lake Walk,Appenzell,Seealpsee Alpine Lake Walk,Outdoor & Nature,Morning|Afternoon,outdoor,spring|summer|fall,clear,Gentle walk to a pristine alpine lake nestled in the Alpstein massif surrounded by steep cliff walls.,3,47.281700,9.418300
Appenzell - Appenzell Museum,Appenzell,Appenzell Museum,Culture & History,Morning|Afternoon,indoor,spring|summer|fall|winter,any,Folk art traditional costumes and the unusual political history of Switzerland's smallest full canton.,3,47.331700,9.409900
Appenzell - Cheese & Schnapps Tasting,Appenzell,Cheese & Schnapps Tasting,Food & Drink,Morning|Afternoon,indoor,spring|summer|fall|winter,any,Taste the region's pungent Appenzeller cheese and fiery local herbal schnapps direct from the dairy.,3,47.331700,9.409900
Appenzell - Kronberg Toboggan Run,Appenzell,Kronberg Toboggan Run,Adventure & Sports,Morning|Afternoon,outdoor,spring|summer|fall|winter,clear|snowy,Europe's longest natural toboggan run at 4km winding down from the Kronberg mountain above Appenzell.,3,47.313300,9.425000
Appenzell - Hoher Kasten Cable Car,Appenzell,Hoher Kasten Cable Car,Outdoor & Nature,Morning|Afternoon,both,spring|summer|fall,clear,Revolving cable car to 1794m summit with a rotating restaurant and views over seven countries.,3,47.281700,9.431700
Appenzell - Göppelsberg Panorama Hike,Appenzell,Göppelsberg Panorama Hike,Outdoor & Nature,Morning|Afternoon,outdoor,spring|summer|fall,clear,Quiet and rewarding hike above Appenzell village with ridge-top views over the rolling Appenzellerland.,3,47.331700,9.409900
Appenzell - Appenzell Evening & Local Pub,Appenzell,Appenzell Evening & Local Pub,Food & Drink,Evening,indoor,spring|summer|fall|winter,any,Spend the evening in one of Appenzell's traditional painted wooden inns with local beer and Appenzeller cuisine.,3,47.331700,9.409900
Appenzell - Appenzell Linen Embroidery Workshop,Appenzell,Appenzell Linen Embroidery Workshop,Culture & History,Morning|Afternoon,indoor,spring|summer|fall|winter,any,Hands-on workshop learning traditional Appenzell embroidery: the white-on-white needlework that once adorned European royal courts.,2,47.331700,9.409900
Appenzell - Stein Appenzell Folklore Museum,Appenzell,Stein Appenzell Folklore Museum,Culture & History,Morning|Afternoon,indoor,spring|summer|fall|winter,any,The Appenzell Show Dairy and folklore museum in Stein: combines cheese making demonstrations with traditional costumes and rural heritage.,2,47.366700,9.366700
Appenzell - Schaukäserei Cheese Museum,Appenzell,Schaukäserei Cheese Museum,Culture & History,Morning|Afternoon,indoor,spring|summer|fall|winter,any,Show dairy and museum in Stein explaining the history and craft of Appenzeller cheese: watch wheels being made and taste the results.,2,47.366700,9.366700
Appenzell - Painted Farm Trail Walk,Appenzell,Painted Farm Trail Walk,Culture & History,Morning|Afternoon,outdoor,spring|summer|fall,clear|rainy,Walk the countryside trail connecting Appenzell's famous painted farmhouses: colourful murals depicting rural scenes on whitewashed walls.,2,47.331700,9.409900
Appenzell - Alphorn Performance Evening,Appenzell,Alphorn Performance Evening,Culture & History,Evening,outdoor,spring|summer|fall,clear,Seasonal Alphorn and folk music performances in Appenzell village: traditional melodies echoing across the rolling meadows at dusk.,1,47.331700,9.409900
Appenzell - Landsgemeinde Square History,Appenzell,Landsgemeinde Square History,Culture & History,Morning|Afternoon,outdoor,spring|summer|fall|winter,clear|rainy,Learn about Switzerland's last open-air democracy at the Landsgemeindeplatz where citizens still vote by raised hand each April.,1,47.331700,9.409900
Appenzell - Fähnern Ridge Walk,Appenzell,Fähnern Ridge Walk,Outdoor & Nature,Morning|Afternoon,outdoor,spring|summer|fall,clear,Hike the Fähnern ridge above Appenzell for sweeping views over the rolling Appenzellerland hills and the distant Alps.,2,47.300000,9.416700
Appenzell - Ebenalp to Seealpsee Loop,Appenzell,Ebenalp to Seealpsee Loop,Outdoor & Nature,Morning|Afternoon,outdoor,spring|summer|fall,clear,Full loop hike combining the Ebenalp cliff walk the Wildkirchli hermit caves and the tranquil Seealpsee lake in one circuit.,3,47.281700,9.431700
Appenzell - Wildkirchli Cave Hermitage,Appenzell,Wildkirchli Cave Hermitage,Outdoor & Nature,Morning|Afternoon,outdoor,spring|summer|fall,clear,Visit the medieval hermit caves embedded in the Ebenalp cliff face: a chapel carved into rock and inhabited by hermit monks for centuries.,2,47.281700,9.431700
Appenzell - Schwägalp Cable Car Säntis,Appenzell,Schwägalp Cable Car Säntis,Outdoor & Nature,Morning|Afternoon,both,spring|summer|fall|winter,clear,Cable car from the Schwägalp pass to the 2502m Säntis summit: seven-country panorama and Alpine meteorological station.,2,47.271700,9.328300
Appenzell - Schwendiseen Lake Walk,Appenzell,Schwendiseen Lake Walk,Outdoor & Nature,Morning|Afternoon,outdoor,spring|summer|fall,clear,Easy circuit of the beautiful Schwendiseen lakes in the Alpstein foothills: reflections of the Säntis ridgeline in still water.,2,47.266700,9.383300
Appenzell - Urnäsch Autumn Village Walk,Appenzell,Urnäsch Autumn Village Walk,Outdoor & Nature,Morning|Afternoon,outdoor,fall,clear|rainy,Walk through the Urnäsch valley in October when the rolling hills turn gold: a quintessential Appenzell pastoral landscape.,1,47.316700,9.283300
Appenzell - Kronberg Summit Hike,Appenzell,Kronberg Summit Hike,Outdoor & Nature,Morning|Afternoon,outdoor,spring|summer|fall,clear,Hike or gondola to the Kronberg summit at 1663m: panoramic views over the Appenzell hills toward the Rhine valley and Bodensee.,2,47.313300,9.425000
Appenzell - Göppelsberg Ridge Walk,Appenzell,Göppelsberg Ridge Walk,Outdoor & Nature,Morning|Afternoon,outdoor,spring|summer|fall,clear,Quiet ridge walk above Appenzell village through alpine meadows with cowbells and sweeping views over the rolling Appenzellerland.,2,47.331700,9.409900
Appenzell - Locher Brewery Visit,Appenzell,Locher Brewery Visit,Food & Drink,Afternoon,indoor,spring|summer|fall|winter,any,Tour of Appenzell's famous Locher brewery with tasting of Quöllfrisch lager seasonal ales and the unusual Vollmond beer brewed by moonlight.,2,47.331700,9.409900
Appenzell - Gasthaus Hof Traditional Lunch,Appenzell,Gasthaus Hof Traditional Lunch,Food & Drink,Morning|Afternoon,indoor,spring|summer|fall|winter,any,Traditional Appenzell lunch at the Gasthaus Hof: Rösti Siedwurst and Appenzeller Biberli biscuits in a classic painted inn.,2,47.331700,9.409900
Appenzell - Biedermeier Café Afternoon,Appenzell,Biedermeier Café Afternoon,Food & Drink,Afternoon,indoor,spring|summer|fall|winter,any,Afternoon coffee and cake at Appenzell's most charming café: regional pastries Biberli honey cake and Appenzeller Alpenbitter liqueur.,1,47.331700,9.409900
Appenzell - Herb Schnapps Distillery Session,Appenzell,Herb Schnapps Distillery Session,Food & Drink,Afternoon,indoor,spring|summer|fall|winter,any,Visit a small Appenzell distillery to taste the fiery local herbal schnapps and learn about the secret 42-herb recipe used since 1902.,2,47.331700,9.409900
Appenzell - Urnäsch Autumn Fair Food Day,Appenzell,Urnäsch Autumn Fair Food Day,Food & Drink,Morning|Afternoon,outdoor,fall,any,Annual Urnäsch autumn village fair with regional food producers crafts folk music and the famous Appenzell cheese in abundance.,1,47.316700,9.283300
Appenzell - Appenzell Sunday Market,Appenzell,Appenzell Sunday Market,Food & Drink,Morning,outdoor,spring|summer|fall,clear|rainy,Sunday market in Appenzell village square with local producers selling cheese honey schnapps embroidery and seasonal produce.,1,47.331700,9.409900
Appenzell - Landhaus Evening Concert,Appenzell,Landhaus Evening Concert,Nightlife & Entertainment,Evening,indoor,spring|summer|fall|winter,any,The Landhaus cultural centre hosts folk music Alphorn concerts and traditional Appenzell cultural evenings throughout the year.,2,47.331700,9.409900
Appenzell - Urnäsch Silvesterklausen Parade,Appenzell,Urnäsch Silvesterklausen Parade,Nightlife & Entertainment,Morning|Afternoon,outdoor,winter,any,One of Switzerland's most extraordinary traditions: costumed Klause groups parade through Urnäsch on Old New Year ringing giant cowbells.,2,47.316700,9.283300
Appenzell - Local Pub Quiz Night,Appenzell,Local Pub Quiz Night,Nightlife & Entertainment,Evening,indoor,spring|summer|fall|winter,any,Join a pub quiz night at one of Appenzell's traditional painted inns: local knowledge Swiss history and Appenzeller beer.,1,47.331700,9.409900
Appenzell - Bonfire & Folklore Evening,Appenzell,Bonfire & Folklore Evening,Nightlife & Entertainment,Evening,outdoor,spring|summer|fall,clear,Seasonal bonfires and folk music gatherings in the Appenzell countryside: yodelling Alphorns and the smell of wood smoke.,1,47.331700,9.409900
Appenzell - Seealpsee Morning Meditation,Appenzell,Seealpsee Morning Meditation,Relaxation & Wellness,Morning,outdoor,spring|summer|fall,clear,Guided morning meditation at the Seealpsee alpine lake: silence alpine reflections and the sound of the Alpstein awakening.,1,47.281700,9.418300
Appenzell - Säntis Park Hotel Spa,Appenzell,Säntis Park Hotel Spa,Relaxation & Wellness,Morning|Afternoon|Evening,indoor,spring|summer|fall|winter,any,Full wellness spa at the Säntis Park Hotel in Schwägalp: indoor pool sauna steam and treatments with mountain views.,2,47.271700,9.328300
Appenzell - Appenzell Forest Walk Schwende,Appenzell,Appenzell Forest Walk Schwende,Relaxation & Wellness,Morning|Afternoon,outdoor,spring|summer|fall,clear|rainy,Gentle forest walk in the Schwende valley below the Ebenalp: mixed woodland streams and the sound of cowbells from the meadows.,2,47.281700,9.431700
Appenzell - Gonten Kneipp Water Therapy,Appenzell,Gonten Kneipp Water Therapy,Relaxation & Wellness,Morning|Afternoon,outdoor,spring|summer|fall,clear,Traditional Kneipp cold water therapy in the Gonten streams: a wellness tradition rooted in the Alpine water cure movement.,1,47.316700,9.366700
Appenzell - Alpstein Forest Bathing,Appenzell,Alpstein Forest Bathing,Relaxation & Wellness,Morning|Afternoon,outdoor,spring|summer|fall,clear|rainy,Guided Shinrin-yoku forest therapy in the lower Alpstein: ancient fir and beech forest with mountain streams and total quiet.,2,47.281700,9.431700
Appenzell - Kronberg Toboggan Run Winter,Appenzell,Kronberg Toboggan Run Winter,Adventure & Sports,Morning|Afternoon,outdoor,winter,clear|snowy,Europe's longest natural toboggan run at 4km winding from the Kronberg summit through snowy forest back to the valley floor.,2,47.313300,9.425000
Appenzell - Ebenalp Via Ferrata,Appenzell,Ebenalp Via Ferrata,Adventure & Sports,Morning|Afternoon,outdoor,spring|summer|fall,clear,Fixed-rope climbing route on the Ebenalp rock face above the Wildkirchli caves: exposed and thrilling with stunning valley views.,2,47.281700,9.431700
Appenzell - Säntis Paragliding Tandem,Appenzell,Säntis Paragliding Tandem,Adventure & Sports,Morning|Afternoon,outdoor,spring|summer|fall,clear,Tandem paraglide from the Alpstein slopes above Appenzell: soar over the rolling hills the Rhine valley and Lake Constance below.,2,47.281700,9.431700
Appenzell - Alpstein Mountain Biking,Appenzell,Alpstein Mountain Biking,Adventure & Sports,Morning|Afternoon,outdoor,spring|summer|fall,clear,Guided mountain bike tours on the Alpstein network: everything from gentle valley routes to technical descents above Appenzell.,2,47.331700,9.409900
Chur - Old Town Walk,Chur,Old Town Walk,Culture & History,Morning|Afternoon,outdoor,spring|summer|fall,clear|rainy,Switzerland's oldest city: Roman ruins medieval lanes the Bishop's Court and cobblestone market squares.,3,46.850800,9.531700
Chur - Chur Cathedral,Chur,Chur Cathedral,Culture & History,Morning|Afternoon,both,spring|summer|fall|winter,any,Romanesque cathedral with a remarkable 15th-century carved altarpiece in the old diocesan capital.,3,46.850800,9.531700
Chur - Rhaetische Bahn Scenic Train,Chur,Rhaetische Bahn Scenic Train,Culture & History,Morning|Afternoon,both,spring|summer|fall|winter,any,UNESCO World Heritage narrow-gauge railway through the Rhine Gorge and Albula pass with vertiginous viaducts.,3,46.850800,9.531700
Chur - Brambrüesch Skiing,Chur,Brambrüesch Skiing,Adventure & Sports,Morning|Afternoon,outdoor,winter,clear|snowy,Local ski area with a gondola departing directly from the city: family-friendly runs above the rooftops of Chur.,3,46.888300,9.550000
Chur - Calanda Mountain Hike,Chur,Calanda Mountain Hike,Outdoor & Nature,Morning|Afternoon,outdoor,spring|summer|fall,clear,Challenging hike up Chur's home mountain to 2805m with sweeping views over the Rhine valley below.,3,46.870000,9.566700
Chur - Pinot Noir Wine Bar Evening,Chur,Pinot Noir Wine Bar Evening,Food & Drink,Evening,indoor,spring|summer|fall|winter,any,Graubünden is Switzerland's top Pinot Noir region — taste it in Chur's cosy wine bars and cellars.,3,46.850800,9.531700
Chur - Rhine Gorge Ruinaulta Hike,Chur,Rhine Gorge Ruinaulta Hike,Outdoor & Nature,Morning|Afternoon,outdoor,spring|summer|fall,clear,Hike through the Swiss Grand Canyon: a dramatic Rhine Gorge with white rock walls and turquoise water.,3,46.750000,9.166700
Chur - Chur E-Bike City Tour,Chur,Chur E-Bike City Tour,Outdoor & Nature,Morning|Afternoon,outdoor,spring|summer|fall,clear,Guided e-bike tour of Chur's old quarters the Rhine embankment and the surrounding vineyard slopes.,3,46.850800,9.531700
Chur - Chur Museum of Fine Arts,Chur,Chur Museum of Fine Arts,Culture & History,Morning|Afternoon,indoor,spring|summer|fall|winter,any,Regional art museum with a focus on Graubünden artists and rotating contemporary exhibitions.,3,46.850800,9.531700
Chur - Bischöflicher Hof Guided Tour,Chur,Bischöflicher Hof Guided Tour,Culture & History,Morning|Afternoon,both,spring|summer|fall|winter,any,Guided tour of the historic Bishop's Court complex: one of the oldest continuously inhabited episcopal residences in the Alps.,2,46.850800,9.531700
Chur - Rätisches Museum Deep Dive,Chur,Rätisches Museum Deep Dive,Culture & History,Morning|Afternoon,indoor,spring|summer|fall|winter,any,Chur's main cantonal museum with a remarkable collection covering prehistoric Roman and medieval Graubünden history.,2,46.850800,9.531700
Chur - Roman Excavation Welschdörfli,Chur,Roman Excavation Welschdörfli,Culture & History,Morning|Afternoon,outdoor,spring|summer|fall|winter,clear|rainy,Walk through Chur's Welschdörfli quarter where Roman excavations are visible in the street: foundations mosaics and interpretive panels.,2,46.850800,9.531700
Chur - Chur Old Town Gallery Hop,Chur,Chur Old Town Gallery Hop,Culture & History,Morning|Afternoon,indoor,spring|summer|fall|winter,any,Self-guided visit to Chur's cluster of contemporary and applied art galleries concentrated in the pedestrian Old Town.,2,46.850800,9.531700
Chur - Cathedral Treasury Visit,Chur,Cathedral Treasury Visit,Culture & History,Morning|Afternoon,indoor,spring|summer|fall|winter,any,The treasury of Chur Cathedral holds outstanding medieval gold and silverwork reliquaries and liturgical objects.,1,46.850800,9.531700
Chur - Chur Postplatz Medieval Market,Chur,Chur Postplatz Medieval Market,Culture & History,Morning|Afternoon,outdoor,spring|summer|fall,clear|rainy,Seasonal medieval and Christmas markets fill the Postplatz: crafts food regional produce and historical atmosphere.,2,46.850800,9.531700
Chur - Chur Museum of Fine Arts,Chur,Chur Museum of Fine Arts,Culture & History,Morning|Afternoon,indoor,spring|summer|fall|winter,any,Regional art museum with a strong focus on Graubünden artists from the 19th century to today plus rotating contemporary shows.,2,46.850800,9.531700
Chur - Rhine Gorge Ruinaulta Rafting,Chur,Rhine Gorge Ruinaulta Rafting,Outdoor & Nature,Morning|Afternoon,outdoor,spring|summer|fall,clear,White-water rafting through the Swiss Grand Canyon: the Ruinaulta gorge with its dramatic white limestone walls and turquoise Rhine.,3,46.750000,9.166700
Chur - Mittenberg Vineyard Walk,Chur,Mittenberg Vineyard Walk,Outdoor & Nature,Morning|Afternoon,outdoor,spring|summer|fall,clear,Walk through the Chur Mittenberg vineyards on the hillside above the city: working wine terraces with views over the Rhine valley.,2,46.850800,9.531700
Chur - Lenzerheide Lake Hike,Chur,Lenzerheide Lake Hike,Outdoor & Nature,Morning|Afternoon,outdoor,spring|summer|fall,clear,Drive or bus to Lenzerheide for a hike around the beautiful Heidsee lake: easy trail through larch forest with mountain panoramas.,2,46.719700,9.561900
Chur - Arosa Weisshorn Summer Hike,Chur,Arosa Weisshorn Summer Hike,Outdoor & Nature,Morning|Afternoon,outdoor,spring|summer|fall,clear,Train to Arosa then cable car to the Weisshorn summit at 2653m: a vast 360-degree panorama over the Graubünden Alps.,3,46.783300,9.683300
Chur - Plessur Gorge Trail,Chur,Plessur Gorge Trail,Outdoor & Nature,Morning|Afternoon,outdoor,spring|summer|fall,clear|rainy,Hike through the Plessur gorge carved by the river that flows through Chur: forested canyon walls and a dramatic rocky landscape.,2,46.850800,9.531700
Chur - Flims Caumasee Lake Swim,Chur,Flims Caumasee Lake Swim,Outdoor & Nature,Morning|Afternoon,outdoor,summer,clear,Bus or car to Flims for a swim in the turquoise Caumasee forest lake: one of the most beautiful natural swimming spots in Switzerland.,2,46.833300,9.283300
Chur - Ems-Felsberg Rhine Riverside Cycle,Chur,Ems-Felsberg Rhine Riverside Cycle,Outdoor & Nature,Morning|Afternoon,outdoor,spring|summer|fall,clear,Flat cycle route north of Chur along the Rhine through the industrial village of Ems and the castle village of Felsberg.,2,46.900000,9.533300
Chur - Brambrüesch Alpine Flower Trail,Chur,Brambrüesch Alpine Flower Trail,Outdoor & Nature,Morning|Afternoon,outdoor,spring|summer,clear,Gondola to Brambrüesch then walk the flower trail through high alpine meadows above Chur: orchids gentians and sweeping valley views.,2,46.888300,9.550000
Chur - Malteser Keller Wine Evening,Chur,Malteser Keller Wine Evening,Food & Drink,Evening,indoor,spring|summer|fall|winter,any,Chur's finest wine cellar bar in a historic vaulted basement: focus on Graubünden Pinot Noir and rare regional white varieties.,2,46.850800,9.531700
Chur - Flims Farm-to-Table Dinner,Chur,Flims Farm-to-Table Dinner,Food & Drink,Evening,indoor,spring|summer|fall|winter,any,Dinner at one of Flims's excellent mountain restaurants using local Graubünden produce: venison game mushrooms and alpine cheese.,2,46.833300,9.283300
Chur - Graubünden Cuisine Evening Stern,Chur,Graubünden Cuisine Evening Stern,Food & Drink,Evening,indoor,spring|summer|fall|winter,any,Traditional Bündner dinner at Hotel Stern: Capuns Maluns Bündnerfleisch and Nusstorte in a centuries-old Chur institution.,2,46.850800,9.531700
Chur - Chur Saturday Market Arcas,Chur,Chur Saturday Market Arcas,Food & Drink,Morning,outdoor,spring|summer|fall,clear|rainy,Saturday market in the Arcas square with regional farmers selling Graubünden cheese Bündnerfleisch bread honey and produce.,1,46.850800,9.531700
Chur - Bündner Nusstorte Baking Class,Chur,Bündner Nusstorte Baking Class,Food & Drink,Morning|Afternoon,indoor,spring|summer|fall|winter,any,Learn to bake the iconic Engadin nut tart in a Chur bakery: caramelised walnuts and short pastry in the most famous Swiss biscuit.,2,46.850800,9.531700
Chur - Grape Harvest Festival,Chur,Grape Harvest Festival,Food & Drink,Morning|Afternoon,outdoor,fall,any,Chur's September grape harvest festival in the Mittenberg vineyards: picking grapes pressing juice and celebrating with new wine.,1,46.850800,9.531700
Chur - Werkstatt Live Music,Chur,Werkstatt Live Music,Nightlife & Entertainment,Evening,indoor,spring|summer|fall|winter,any,Chur's most respected live music venue with a strong programme of local and Swiss acts across rock jazz and electronic genres.,2,46.850800,9.531700
Chur - Arcas Bar Evening,Chur,Arcas Bar Evening,Nightlife & Entertainment,Evening,indoor,spring|summer|fall|winter,any,Chur's Arcas square has a cluster of lively bars: a great starting point for an evening in Switzerland's oldest city.,2,46.850800,9.531700
Chur - Stadttheater Chur Performance,Chur,Stadttheater Chur Performance,Nightlife & Entertainment,Evening,indoor,spring|summer|fall|winter,any,Chur's regional theatre with a strong programme of drama opera and musical productions serving the whole of Graubünden.,2,46.850800,9.531700
Chur - Rooftop Summer Bar,Chur,Rooftop Summer Bar,Nightlife & Entertainment,Evening,outdoor,spring|summer|fall,clear,Seasonal rooftop bar above the Chur Old Town: cocktails and local wine with views over the medieval rooftops and the Rhine valley.,2,46.850800,9.531700
Chur - Lenzerheide DJ Après Evening,Chur,Lenzerheide DJ Après Evening,Nightlife & Entertainment,Evening,indoor,winter,any,Bus up to Lenzerheide for après-ski DJ sets and live music at the resort's mountain bars: a livelier evening option near Chur.,2,46.719700,9.561900
Chur - Tamins Hot Springs Day Trip,Chur,Tamins Hot Springs Day Trip,Relaxation & Wellness,Morning|Afternoon,indoor,spring|summer|fall|winter,any,Short drive to the thermal baths near Tamins above Chur: natural hot spring pools with views over the Rhine gorge and Graubünden Alps.,2,46.866700,9.450000
Chur - Plessur River Wild Swim,Chur,Plessur River Wild Swim,Relaxation & Wellness,Afternoon,outdoor,summer,clear,Wild swim in the Plessur river as it flows through Chur: cool clear mountain water and a beloved local summer tradition.,2,46.850800,9.531700
Chur - Lenzerheide Spa Valbella Inn,Chur,Lenzerheide Spa Valbella Inn,Relaxation & Wellness,Morning|Afternoon|Evening,indoor,spring|summer|fall|winter,any,Full wellness spa at the Valbella Inn above Lenzerheide: indoor pool panoramic sauna and treatments with mountain lake views.,2,46.719700,9.561900
Chur - Arosa Kulm Spa Morning,Chur,Arosa Kulm Spa Morning,Relaxation & Wellness,Morning|Afternoon,indoor,spring|summer|fall|winter,any,Luxurious spa at the Arosa Kulm hotel with indoor outdoor pools sauna and Alpine botanical treatments at 1800m altitude.,2,46.783300,9.683300
Chur - Rheinpark Wellness Walk,Chur,Rheinpark Wellness Walk,Relaxation & Wellness,Morning|Afternoon,outdoor,spring|summer|fall,clear,Gentle restorative walk through Chur's Rhine embankment park: riverside meadows birds and the sound of the fast-flowing Rhine.,1,46.850800,9.531700
Chur - Rhine Gorge Via Ferrata,Chur,Rhine Gorge Via Ferrata,Adventure & Sports,Morning|Afternoon,outdoor,spring|summer|fall,clear,Fixed-rope climbing route in the Ruinaulta Rhine Gorge: an exposed and thrilling via ferrata through the Swiss Grand Canyon walls.,2,46.750000,9.166700
Chur - Arosa Mountain Bike Trails,Chur,Arosa Mountain Bike Trails,Adventure & Sports,Morning|Afternoon,outdoor,spring|summer|fall,clear,Extensive mountain bike trail network above Arosa from easy forest singletracks to technical enduro descents back to the valley.,2,46.783300,9.683300
Chur - Lenzerheide Ski & Snowboard,Chur,Lenzerheide Ski & Snowboard,Adventure & Sports,Morning|Afternoon,outdoor,winter,clear|snowy,Lenzerheide's 155km ski area connects with Arosa for 225km of skiing: excellent intermediate terrain with reliable snow conditions.,3,46.719700,9.561900
Chur - Chur E-Bike Vineyard Loop,Chur,Chur E-Bike Vineyard Loop,Adventure & Sports,Morning|Afternoon,outdoor,spring|summer|fall,clear,Guided e-bike loop from Chur through the Mittenberg vineyards the Rhine embankment and the surrounding valley villages.,2,46.850800,9.531700
Basel - Art Basel Preview & Galleries,Basel,Art Basel Preview & Galleries,Culture & History,Morning|Afternoon,indoor,spring|summer|fall|winter,any,Explore Basel's extraordinary concentration of contemporary art galleries year-round: the city has more museums per capita than almost anywhere in Europe.,3,47.559600,7.588600
Basel - Kunstmuseum Basel,Basel,Kunstmuseum Basel,Culture & History,Morning|Afternoon,indoor,spring|summer|fall|winter,any,Switzerland's oldest and most important public art collection spanning Holbein the Younger to Cézanne Picasso and contemporary works.,3,47.554700,7.595400
Basel - Basel Münster Cathedral,Basel,Basel Münster Cathedral,Culture & History,Morning|Afternoon,outdoor,spring|summer|fall|winter,clear|rainy,Late Romanesque and Gothic cathedral on the Rhine terrace with a striking red sandstone facade and a cloister with Erasmus's tomb.,2,47.556500,7.592100
Basel - Old Town Walking Tour,Basel,Old Town Walking Tour,Culture & History,Morning|Afternoon,outdoor,spring|summer|fall|winter,clear|rainy,Wander Basel's remarkably intact medieval core: the Marktplatz town hall painted facades guild halls and the narrow Spalenberg lanes.,3,47.559600,7.588600
Basel - Museum Tinguely,Basel,Museum Tinguely,Culture & History,Morning|Afternoon,indoor,spring|summer|fall|winter,any,Dedicated museum for Jean Tinguely's kinetic sculptures and mechanical art: whirring clanking moving machines in a riverside building.,2,47.561700,7.605400
Basel - Fondation Beyeler,Basel,Fondation Beyeler,Culture & History,Morning|Afternoon,indoor,spring|summer|fall|winter,any,One of Switzerland's finest private museums in Riehen: Monet Rothko Warhol and African art in a Renzo Piano building with a lily pond.,3,47.578600,7.644700
Basel - Museum für Gegenwartskunst,Basel,Museum für Gegenwartskunst,Culture & History,Morning|Afternoon,indoor,spring|summer|fall|winter,any,Contemporary art museum on the Rhine presenting cutting-edge international and Swiss artists in a converted paper mill.,2,47.561700,7.605400
Basel - Basel Paper Mill Museum,Basel,Basel Paper Mill Museum,Culture & History,Morning|Afternoon,indoor,spring|summer|fall|winter,any,Living museum in a medieval mill where visitors can make their own paper by hand: traces Basel's crucial role in early European printing.,2,47.548600,7.589600
Basel - Vitra Design Museum Day Trip,Basel,Vitra Design Museum Day Trip,Culture & History,Morning|Afternoon,indoor,spring|summer|fall|winter,any,Cross into Germany to the Vitra Campus: world's greatest design museum with buildings by Zaha Hadid Gehry and Herzog & de Meuron.,3,47.596900,7.607200
Basel - Basel Historical Museum,Basel,Basel Historical Museum,Culture & History,Morning|Afternoon,indoor,spring|summer|fall|winter,any,Basel's city history museum in the Barfüsserkirche with medieval artefacts tapestries and the treasures of the Basel Cathedral.,2,47.554700,7.589600
Basel - Spalentor City Gate Walk,Basel,Spalentor City Gate Walk,Culture & History,Morning|Afternoon,outdoor,spring|summer|fall|winter,clear|rainy,Visit Basel's best-preserved medieval city gate and walk the old city wall route: towers bastions and hidden gardens along the way.,1,47.558600,7.582100
Basel - Rhine Swimming,Basel,Rhine Swimming,Outdoor & Nature,Afternoon,outdoor,summer,clear,Drift downstream in the fast-flowing Rhine with locals using a Wickelfisch waterproof bag: Basel's most beloved summer ritual.,3,47.561700,7.589700
Basel - Rhine Promenade Walk,Basel,Rhine Promenade Walk,Outdoor & Nature,Morning|Afternoon|Evening,outdoor,spring|summer|fall,clear|rainy,Walk both banks of the Rhine from the Mittlere Brücke past the Tinguely Fountain and on to the Dreiländereck where three countries meet.,2,47.561700,7.589700
Basel - Dreiländereck Three Countries Corner,Basel,Dreiländereck Three Countries Corner,Outdoor & Nature,Morning|Afternoon,outdoor,spring|summer|fall|winter,clear|rainy,Stand at the point where Switzerland Germany and France meet at the Rhine: a short tram ride from Basel centre with a monument and Rhine views.,1,47.596900,7.589700
Basel - Botanical Garden Basel,Basel,Botanical Garden Basel,Outdoor & Nature,Morning|Afternoon,outdoor,spring|summer|fall,clear|rainy,University of Basel botanical garden with tropical greenhouses an alpine garden and a fine collection of medicinal plants.,2,47.558300,7.581100
Basel - Lange Erlen Animal Park,Basel,Lange Erlen Animal Park,Outdoor & Nature,Morning|Afternoon,outdoor,spring|summer|fall,clear|rainy,Free city animal park in the Erlen forest with deer wild boar bison and a children's farm: a peaceful green escape from the city.,2,47.583300,7.616700
Basel - Black Forest Day Trip,Basel,Black Forest Day Trip,Outdoor & Nature,Morning|Afternoon,outdoor,spring|summer|fall,clear,Cross into Germany for a day hike in the Black Forest above Freiburg: dense fir trees waterfalls and the Feldberg summit.,3,47.873500,8.003600
Basel - Alsace Wine Route Cycle,Basel,Alsace Wine Route Cycle,Outdoor & Nature,Morning|Afternoon,outdoor,spring|summer|fall,clear,Cycle across the French border into Alsace along the flat wine route through Ribeauvillé Riquewihr and the Vin d'Alsace villages.,3,48.166700,7.333300
Basel - Rhine Ferry Crossing,Basel,Rhine Ferry Crossing,Outdoor & Nature,Morning|Afternoon,outdoor,spring|summer|fall,clear|rainy,Cross the Rhine on one of Basel's four cable ferries powered only by the river current: a charming and very Swiss experience.,1,47.561700,7.589700
Basel - Marktplatz Farmers Market,Basel,Marktplatz Farmers Market,Food & Drink,Morning,outdoor,spring|summer|fall,clear|rainy,Basel's famous daily market on the red town hall square: regional farmers selling cheese bread flowers vegetables and seasonal produce.,1,47.558200,7.589600
Basel - Basel Fasnacht Street Food,Basel,Basel Fasnacht Street Food,Food & Drink,Morning|Afternoon|Evening,outdoor,winter,any,During Basel's three-day Carnival street stalls sell Mehlsuppe flour soup and Zwiebelwähe onion tart: unmissable winter street food.,2,47.559600,7.588600
Basel - Alsace Wine & Cheese Evening,Basel,Alsace Wine & Cheese Evening,Food & Drink,Evening,indoor,spring|summer|fall|winter,any,Guided tasting of Alsatian Riesling Gewurztraminer and Pinot Gris paired with Münster cheese and regional charcuterie.,2,47.559600,7.588600
Basel - Basel Craft Beer Scene,Basel,Basel Craft Beer Scene,Food & Drink,Afternoon|Evening,indoor,spring|summer|fall|winter,any,Basel's craft beer scene has exploded: the Volta Bräu and other microbreweries produce excellent local ales lagers and seasonal specials.,2,47.561700,7.589700
Basel - Kleinbasel Restaurant Hop,Basel,Kleinbasel Restaurant Hop,Food & Drink,Evening,both,spring|summer|fall|winter,any,Cross to the lesser-visited right bank for Basel's most authentic restaurant strip: Turkish Lebanese and Swiss kitchens side by side.,2,47.561700,7.605400
Basel - Confiserie Schiesser Café,Basel,Confiserie Schiesser Café,Food & Drink,Morning|Afternoon,indoor,spring|summer|fall|winter,any,Basel's most historic confiserie on the Marktplatz: Läckerli biscuits Kirsch cakes and coffee in a belle époque interior since 1870.,2,47.558200,7.589600
Basel - Basel Läckerli Baking Class,Basel,Basel Läckerli Baking Class,Food & Drink,Morning|Afternoon,indoor,spring|summer|fall|winter,any,Learn to bake Basel's famous spiced honey biscuit in a local cooking class: the iconic Läckerli has been made here since the 15th century.,2,47.559600,7.588600
Basel - Gundeldingen Market,Basel,Gundeldingen Market,Food & Drink,Morning,outdoor,spring|summer|fall,clear|rainy,Multicultural neighbourhood market in the Gundeli district: the most diverse and local-feeling food market in Basel.,1,47.544400,7.589600
Basel - Campari Bar at the Kunsthalle,Basel,Campari Bar at the Kunsthalle,Nightlife & Entertainment,Evening,indoor,spring|summer|fall|winter,any,The bar of Basel's Kunsthalle is one of the city's great social institutions: art world crowd strong drinks and a buzzing atmosphere.,2,47.554700,7.592900
Basel - Basel Fasnacht Carnival,Basel,Basel Fasnacht Carnival,Nightlife & Entertainment,Morning|Afternoon|Evening,outdoor,winter,any,Switzerland's largest carnival beginning at 4am Monday with the Morgestraich: drums lanterns masks and three days of street chaos.,3,47.559600,7.588600
Basel - Kaserne Basel Live Music,Basel,Kaserne Basel Live Music,Nightlife & Entertainment,Evening,indoor,spring|summer|fall|winter,any,Basel's premier independent music and theatre venue: a converted barracks with a strong programme of concerts club nights and performance art.,2,47.561700,7.605400
Basel - Steinenvorstadt Bar Strip,Basel,Steinenvorstadt Bar Strip,Nightlife & Entertainment,Evening,indoor,spring|summer|fall|winter,any,Basel's main nightlife street with cocktail bars student pubs clubs and late-night spots running the length of the pedestrian zone.,2,47.551800,7.586100
Basel - Bird's Eye Jazz Club,Basel,Bird's Eye Jazz Club,Nightlife & Entertainment,Evening,indoor,spring|summer|fall|winter,any,One of Switzerland's finest jazz clubs in a basement on the Kohlenberg: intimate nightly live acts and a warm underground atmosphere.,2,47.554700,7.590400
Basel - Open Air Kino Basel,Basel,Open Air Kino Basel,Nightlife & Entertainment,Evening,outdoor,summer,clear,Summer open-air cinema in the city with screenings at various parks and riverside locations: deckchairs snacks and films under the stars.,2,47.559600,7.588600
Basel - Aquabasilea Spa & Waterpark,Basel,Aquabasilea Spa & Waterpark,Relaxation & Wellness,Morning|Afternoon,indoor,spring|summer|fall|winter,any,Large thermal spa and waterpark near Basel with wave pools thermal baths sauna landscape and a full wellness treatment menu.,3,47.516700,7.666700
Basel - Rhine Hammam Kleinbasel,Basel,Rhine Hammam Kleinbasel,Relaxation & Wellness,Morning|Afternoon|Evening,indoor,spring|summer|fall|winter,any,Traditional hammam in the Kleinbasel district offering full steam scrub and massage rituals in a beautifully tiled historic space.,2,47.561700,7.605400
Basel - Solitude Park Forest Walk,Basel,Solitude Park Forest Walk,Relaxation & Wellness,Morning|Afternoon,outdoor,spring|summer|fall,clear|rainy,Peaceful walk through the wooded Solitude park above Basel with viewpoints over the city the Rhine valley and the Black Forest.,2,47.544400,7.575700
Basel - Basel Yoga & Wellness Studios,Basel,Basel Yoga & Wellness Studios,Relaxation & Wellness,Morning|Evening,indoor,spring|summer|fall|winter,any,Basel has a thriving yoga scene with excellent drop-in studios in the city centre offering Vinyasa Yin and Ashtanga classes.,2,47.559600,7.588600
Basel - Indoor Climbing Kletterhalle Basel,Basel,Indoor Climbing Kletterhalle Basel,Adventure & Sports,Morning|Afternoon|Evening,indoor,spring|summer|fall|winter,any,Basel's main bouldering and lead climbing gym with routes for all levels equipment hire and a training board for serious climbers.,2,47.559600,7.588600
Basel - Rhine Stand-Up Paddleboard,Basel,Rhine Stand-Up Paddleboard,Adventure & Sports,Morning|Afternoon,outdoor,spring|summer,clear,Paddleboard on the Rhine above the fast section: guided tours along the calmer upstream stretches with city and bridge views.,2,47.561700,7.589700
Basel - Road Cycling Alsace Loop,Basel,Road Cycling Alsace Loop,Adventure & Sports,Morning|Afternoon,outdoor,spring|summer|fall,clear,Road cycling loop from Basel across the French border through the Alsatian vineyards and back: flat terrain and exceptional scenery.,2,47.559600,7.588600
Basel - Jura Hiking Day Trip,Basel,Jura Hiking Day Trip,Adventure & Sports,Morning|Afternoon,outdoor,spring|summer|fall,clear,Day hike in the Swiss Jura north of Basel: limestone ridges waterfalls wild horses and long views over three countries.,2,47.483300,7.416700
Basel - E-Bike City & Rhine Tour,Basel,E-Bike City & Rhine Tour,Adventure & Sports,Morning|Afternoon,outdoor,spring|summer|fall,clear,Guided e-bike tour covering Basel's highlights both banks of the Rhine and a cross-border loop into France or Germany.,2,47.559600,7.588600
Zurich - Fraumünster Chagall Windows,Zurich,Fraumünster Chagall Windows,Culture & History,Morning|Afternoon,indoor,spring|summer|fall|winter,any,Visit the gothic abbey church to see Marc Chagall's five stained-glass windows from 1970.,7,47.369700,8.541400
Zurich - Bahnhofstrasse Shopping Walk,Zurich,Bahnhofstrasse Shopping Walk,Culture & History,Morning|Afternoon,outdoor,spring|summer|fall|winter,clear|rainy,"Stroll Zurich's flagship avenue lined with Swiss watch boutiques, banks, and Bahnhofstrasse landmarks.",7,47.372400,8.538800
Zurich - Polybahn Funicular Ride,Zurich,Polybahn Funicular Ride,Culture & History,Morning|Afternoon,outdoor,spring|summer|fall|winter,clear|rainy,Hop on the 175-second funicular from Central up to ETH Polyterrasse for free city views.,7,47.375300,8.547100
Zurich - ETH Polyterrasse Viewpoint,Zurich,ETH Polyterrasse Viewpoint,Outdoor & Nature,Morning|Afternoon,outdoor,spring|summer|fall,clear,Public terrace next to the ETH main building with the best panoramic view of Zurich Old Town.,7,47.376300,8.547500
Zurich - Limmatquai River Walk,Zurich,Limmatquai River Walk,Outdoor & Nature,Morning|Afternoon,outdoor,spring|summer|fall,clear|rainy,Pedestrian-only riverside walk between Bellevue and the Hauptbahnhof past medieval guild houses.,7,47.372900,8.543600
Zurich - Niederdorf Pub Crawl,Zurich,Niederdorf Pub Crawl,Nightlife & Entertainment,Evening,indoor,spring|summer|fall|winter,any,Crawl the narrow Niederdorfstrasse lanes from beer cellars to wine bars in the medieval east bank.,4,47.371900,8.544800
Zurich - Museum Rietberg Asian Art,Zurich,Museum Rietberg Asian Art,Culture & History,Morning|Afternoon,indoor,spring|summer|fall|winter,any,"Switzerland's only museum dedicated to non-European art, set in Wesendonck villa near Lake Zurich.",7,47.359700,8.534000
Zurich - Lindenhof Roman Hill Picnic,Zurich,Lindenhof Roman Hill Picnic,Outdoor & Nature,Morning|Afternoon,outdoor,spring|summer|fall,clear,"Quiet linden-shaded plateau on the site of the Roman fort, prime spot for a packed Migros picnic.",7,47.372900,8.541400
Zurich - Tonhalle Orchestra Evening,Zurich,Tonhalle Orchestra Evening,Nightlife & Entertainment,Evening,indoor,spring|summer|fall|winter,any,Catch a concert by the Tonhalle-Orchester in the newly renovated 19th-century hall by the lake.,4,47.365800,8.541300
Zurich - Schauspielhaus Theatre Night,Zurich,Schauspielhaus Theatre Night,Nightlife & Entertainment,Evening,indoor,spring|summer|fall|winter,any,"Watch contemporary German-language theatre at Pfauen, one of Europe's most respected stages.",4,47.368300,8.549400
Zurich - Sechseläuten Spring Festival,Zurich,Sechseläuten Spring Festival,Culture & History,Morning|Afternoon|Evening,outdoor,spring,clear,April guild festival ending with the burning of the Böögg snowman to predict the summer weather.,1,47.366700,8.545000
Zurich - Street Parade Open-Air,Zurich,Street Parade Open-Air,Nightlife & Entertainment,Morning|Afternoon|Evening,outdoor,summer,clear,Europe's biggest free electronic-music parade circling the lake basin one August Saturday.,1,47.366700,8.545000
Zurich - Frau Gerold's Garden Bar,Zurich,Frau Gerold's Garden Bar,Food & Drink,Afternoon|Evening,outdoor,spring|summer|fall,clear,"Urban garden in Zurich West with pizza, beer, and herb beds tucked under the Hardbrücke viaduct.",4,47.387800,8.515200
Zurich - Cabaret Voltaire Dada House,Zurich,Cabaret Voltaire Dada House,Culture & History,Morning|Afternoon,indoor,spring|summer|fall|winter,any,"Birthplace of Dada in 1916, now a tiny museum and bar dedicated to the avant-garde movement.",7,47.372200,8.544400
Zurich - Migros Museum Contemporary Art,Zurich,Migros Museum Contemporary Art,Culture & History,Morning|Afternoon,indoor,spring|summer|fall|winter,any,Cutting-edge contemporary art shows inside the Löwenbräu-Areal art complex in Zurich West.,7,47.387000,8.523900
Zurich - Helvetiaplatz Tuesday Market,Zurich,Helvetiaplatz Tuesday Market,Food & Drink,Morning,outdoor,spring|summer|fall,clear|rainy,Multicultural farmers' market in Aussersihl every Tuesday and Friday morning until 11 am.,4,47.373300,8.527300
Zurich - Felsenegg Cable Car Ride,Zurich,Felsenegg Cable Car Ride,Outdoor & Nature,Morning|Afternoon,outdoor,spring|summer|fall,clear,Aerial tramway from Adliswil up to a forested ridge with lake views and easy hiking trails.,7,47.309400,8.515800
Zurich - Wildnispark Sihlwald Forest,Zurich,Wildnispark Sihlwald Forest,Outdoor & Nature,Morning|Afternoon,outdoor,spring|summer|fall,clear|rainy,"Switzerland's largest mixed deciduous forest, a protected nature reserve with marked trails.",4,47.269100,8.555000
Zurich - Limmat SUP Paddle,Zurich,Limmat SUP Paddle,Adventure & Sports,Morning|Afternoon,outdoor,summer,clear,Stand-up paddleboard down the Limmat river from Wipkingen to Letten on a warm afternoon.,4,47.387800,8.530500
Zurich - Wakeboarding Lake Zurich,Zurich,Wakeboarding Lake Zurich,Adventure & Sports,Morning|Afternoon,outdoor,summer,clear,Cable wakeboarding at the Wakepool Mythenquai during the summer season on Lake Zurich.,4,47.355300,8.540000
Zurich - Alpamare Water Park,Zurich,Alpamare Water Park,Adventure & Sports,Morning|Afternoon|Evening,indoor,spring|summer|fall|winter,any,"Europe's largest covered water park with 11 slides, brine baths, and a wave pool in Pfäffikon.",1,47.212300,8.782000
Zurich - Letzipark Bouldering,Zurich,Letzipark Bouldering,Adventure & Sports,Afternoon|Evening,indoor,spring|summer|fall|winter,any,Modern bouldering gym Boulderbox with 200+ routes and a café in the Altstetten district.,7,47.391700,8.494900
Zurich - Tiefenbrunnen Bathing,Zurich,Tiefenbrunnen Bathing,Relaxation & Wellness,Afternoon|Evening,outdoor,summer,clear,Free public lake-bathing pavilion on the east shore with diving platform and lawn for sunbathing.,4,47.352600,8.565000
Zurich - Mascotte Nightclub Evening,Zurich,Mascotte Nightclub Evening,Nightlife & Entertainment,Evening,indoor,spring|summer|fall|winter,any,Historic music venue and disco at Bellevue hosting indie concerts and late-night DJ sets.,4,47.366600,8.545300
Zurich - Hauptbahnhof Christmas Market,Zurich,Hauptbahnhof Christmas Market,Food & Drink,Afternoon|Evening,indoor,winter,any,"Inside Zurich main station, the Christkindlimarkt has a Swarovski-decorated tree and 160 stalls.",1,47.377900,8.540200
Zurich - Lake Zurich Sunset Cruise,Zurich,Lake Zurich Sunset Cruise,Outdoor & Nature,Evening,outdoor,spring|summer,clear,Evening boat from Bürkliplatz to Rapperswil watching the sun set behind the Albis ridge.,4,47.366100,8.540800
Zurich - Zurich West Industrial Walk,Zurich,Zurich West Industrial Walk,Culture & History,Morning|Afternoon,outdoor,spring|summer|fall,clear|rainy,"Self-guided walk through the converted industrial district with viaducts, art galleries, and street food.",4,47.390500,8.518000
Zurich - Botanical Garden Z (Zürichberg),Zurich,Botanical Garden Z (Zürichberg),Outdoor & Nature,Morning|Afternoon,outdoor,spring|summer|fall,clear,University botanical garden with greenhouse domes and a rooftop meadow on Zürichberg hill.,4,47.357700,8.561100
Zurich - Hallenstadion Concert Night,Zurich,Hallenstadion Concert Night,Nightlife & Entertainment,Evening,indoor,spring|summer|fall|winter,any,"Switzerland's largest indoor arena hosting major rock, pop, and electronic concerts year-round.",1,47.412300,8.551000
Zurich - Kaufleuten Club Saturday,Zurich,Kaufleuten Club Saturday,Nightlife & Entertainment,Evening,indoor,spring|summer|fall|winter,any,Iconic concert hall and club just off Bahnhofstrasse where Bowie and Prince once played.,4,47.373300,8.536600
Geneva - Saint-Pierre Cathedral Climb,Geneva,Saint-Pierre Cathedral Climb,Culture & History,Morning|Afternoon,indoor,spring|summer|fall|winter,any,"Climb 157 steps to the cathedral towers for the best 360° view of the city, lake, and Mont Blanc.",7,46.201700,6.148700
Geneva - Mur des Réformateurs Walk,Geneva,Mur des Réformateurs Walk,Culture & History,Morning|Afternoon,outdoor,spring|summer|fall,clear|rainy,"Five-metre statues of Calvin, Bèze, Farel, and Knox along the 100m Reformation Wall in Parc des Bastions.",7,46.200800,6.143800
Geneva - Parc des Bastions Chess Day,Geneva,Parc des Bastions Chess Day,Outdoor & Nature,Morning|Afternoon,outdoor,spring|summer|fall,clear,Play on the giant outdoor chessboards under century-old chestnut trees beside the old town.,4,46.200800,6.143800
Geneva - Île Rousseau Picnic,Geneva,Île Rousseau Picnic,Outdoor & Nature,Morning|Afternoon,outdoor,spring|summer,clear,Tiny island park in the Rhône with a bronze statue of Jean-Jacques Rousseau and lake views.,4,46.205600,6.149400
Geneva - MAMCO Modern Art Visit,Geneva,MAMCO Modern Art Visit,Culture & History,Morning|Afternoon,indoor,spring|summer|fall|winter,any,"Switzerland's largest modern art museum, housed in a former industrial site in Plainpalais.",7,46.194400,6.139700
Geneva - Musée d'Art et d'Histoire,Geneva,Musée d'Art et d'Histoire,Culture & History,Morning|Afternoon,indoor,spring|summer|fall|winter,any,"Vast encyclopaedic museum near Eaux-Vives with archaeology, fine art, and applied arts collections.",7,46.200800,6.153100
Geneva - Ariana Ceramics Museum,Geneva,Ariana Ceramics Museum,Culture & History,Morning|Afternoon,indoor,spring|summer|fall|winter,any,"Switzerland's only museum dedicated to ceramic and glass art, set on the UN park grounds.",7,46.223600,6.141100
Geneva - Mont Salève Cable Car (FR),Geneva,Mont Salève Cable Car (FR),Outdoor & Nature,Morning|Afternoon,outdoor,spring|summer|fall,clear,Five-minute cable car from French border up to the 1100m balcony of Geneva with paragliding takeoff.,4,46.166400,6.188100
Geneva - Bois de la Bâtie Forest,Geneva,Bois de la Bâtie Forest,Outdoor & Nature,Morning|Afternoon,outdoor,spring|summer|fall,clear|rainy,"Free 60-hectare hilltop park above the Rhône with marked trails, mini zoo, and city panoramas.",4,46.194400,6.128300
Geneva - Geneva Botanical Garden,Geneva,Geneva Botanical Garden,Outdoor & Nature,Morning|Afternoon,outdoor,spring|summer|fall,clear|rainy,"Free 28-hectare garden by the lake with greenhouses, a deer park, and a Mediterranean alpine garden.",4,46.227800,6.143800
Geneva - Vieille-Ville Antique Crawl,Geneva,Vieille-Ville Antique Crawl,Culture & History,Morning|Afternoon,indoor,spring|summer|fall|winter,any,Browse the small antique shops on Grand-Rue and Rue du Perron in Geneva's medieval upper town.,4,46.201700,6.146700
Geneva - Rue du Rhône Watch Window-Shop,Geneva,Rue du Rhône Watch Window-Shop,Culture & History,Morning|Afternoon,outdoor,spring|summer|fall|winter,clear|rainy,Window-gaze Geneva's luxury watch row from Patek to Rolex along the Rive Gauche shopping street.,4,46.204200,6.146700
Geneva - Cologny Lakeshore Walk,Geneva,Cologny Lakeshore Walk,Outdoor & Nature,Morning|Afternoon,outdoor,spring|summer|fall,clear,Quiet 4 km walk along the right-bank Quai de Cologny past Byron's Villa Diodati to Port-Choiseul.,4,46.231700,6.182000
Geneva - Genève-Plage Summer Beach,Geneva,Genève-Plage Summer Beach,Relaxation & Wellness,Morning|Afternoon,outdoor,summer,clear,"Lakefront beach club with Olympic pool, slides, and lawn south of the Jet d'Eau.",4,46.207400,6.169000
Geneva - Genève Tomatoes Aquaponics,Geneva,Genève Tomatoes Aquaponics,Outdoor & Nature,Morning|Afternoon,indoor,spring|summer|fall|winter,any,"Tour the urban aquaponic farm Bourgeon Géant in Renens, growing fish-fed tomatoes year-round.",7,46.212700,6.088300
Geneva - Carouge Saturday Market,Geneva,Carouge Saturday Market,Food & Drink,Morning,outdoor,spring|summer|fall,clear|rainy,Sardinian-style Place du Marché farmers' market Wednesday and Saturday in the Italianate suburb.,4,46.182800,6.139400
Geneva - Bains de Cressy Spa,Geneva,Bains de Cressy Spa,Relaxation & Wellness,Afternoon|Evening,indoor,spring|summer|fall|winter,any,"Public thermal bath complex in Confignon with steam rooms, saunas, and a brine pool.",4,46.160600,6.081400
Geneva - Geneva Wine Bar Eaux-Vives,Geneva,Geneva Wine Bar Eaux-Vives,Food & Drink,Evening,indoor,spring|summer|fall|winter,any,Sip a Genève AOC wine flight at a small wine bar like La Cave de Genève or Sip n' Mix.,4,46.204200,6.154200
Geneva - Chocolat Stettler Tasting,Geneva,Chocolat Stettler Tasting,Food & Drink,Morning|Afternoon,indoor,spring|summer|fall|winter,any,Family chocolatier in the old town selling artisanal pralines and Genevan pavés since 1898.,4,46.201700,6.146700
Geneva - Place du Bourg-de-Four Café,Geneva,Place du Bourg-de-Four Café,Food & Drink,Morning|Afternoon,outdoor,spring|summer|fall,clear|rainy,"Coffee on Geneva's oldest square, a triangular Roman crossroads ringed with terraces and fountains.",4,46.200300,6.148100
Geneva - Théâtre du Grütli Evening,Geneva,Théâtre du Grütli Evening,Nightlife & Entertainment,Evening,indoor,spring|summer|fall|winter,any,"Independent theatre in Plainpalais with bilingual contemporary plays, dance, and music shows.",4,46.198900,6.142400
Geneva - Chat Noir Jazz Carouge,Geneva,Chat Noir Jazz Carouge,Nightlife & Entertainment,Evening,indoor,spring|summer|fall|winter,any,"Tiny intimate live-music venue in Carouge with jazz, soul, and rock concerts most nights.",4,46.182200,6.139700
Geneva - L'Usine Industrial Nightclub,Geneva,L'Usine Industrial Nightclub,Nightlife & Entertainment,Evening,indoor,spring|summer|fall|winter,any,"Legendary autonomous cultural centre with concerts, club nights, and underground techno parties.",4,46.204200,6.139700
Geneva - Geneva International Film Fest,Geneva,Geneva International Film Fest,Culture & History,Afternoon|Evening,indoor,fall,any,"Annual November festival GIFF screening pioneering film, TV, and digital narratives at Maison Comm.",1,46.205000,6.145000
Geneva - Geneva Half-Marathon Lakeshore,Geneva,Geneva Half-Marathon Lakeshore,Adventure & Sports,Morning,outdoor,spring,clear,May running event along the right bank from the Jet d'Eau to Versoix on closed roads.,1,46.207400,6.166000
Geneva - Stand-Up Paddle Pâquis,Geneva,Stand-Up Paddle Pâquis,Adventure & Sports,Morning|Afternoon,outdoor,summer,clear,Rent a SUP from Bains des Pâquis dock and paddle along the lakeshore in summer mornings.,4,46.209900,6.152500
Geneva - Versoix Lake Cycle,Geneva,Versoix Lake Cycle,Adventure & Sports,Morning|Afternoon,outdoor,spring|summer|fall,clear,Flat 14 km bike loop along the lake from Geneva-Pâquis to Versoix and back along the right bank.,4,46.266000,6.171900
Geneva - Salève Paragliding Tandem,Geneva,Salève Paragliding Tandem,Adventure & Sports,Morning|Afternoon,outdoor,spring|summer|fall,clear,"Tandem paragliding flight off Mont Salève for a 20-minute glide over Geneva, the lake, and Mont Blanc.",1,46.166400,6.188100
Geneva - Yvoire Boat Day Trip (FR),Geneva,Yvoire Boat Day Trip (FR),Outdoor & Nature,Morning|Afternoon|Evening,outdoor,spring|summer,clear,"CGN boat to medieval French walled village of Yvoire across the lake, walk and lunch by the marina.",1,46.371700,6.324700
Geneva - Pâquis Multiculti Dinner,Geneva,Pâquis Multiculti Dinner,Food & Drink,Evening,indoor,spring|summer|fall|winter,any,"Eat from any of Pâquis's dozens of tiny ethnic restaurants — Lebanese, Eritrean, Thai, Sri Lankan.",4,46.210300,6.149200
Geneva - Geneva Christmas Lights Walk,Geneva,Geneva Christmas Lights Walk,Culture & History,Evening,outdoor,winter,any,"Self-guided Sleigh Walk past illuminated Bourg-de-Four, Rues Basses, and Saint-Pierre cathedral.",1,46.201700,6.146700
Basel - Marktplatz Rathaus Photo,Basel,Marktplatz Rathaus Photo,Culture & History,Morning|Afternoon,outdoor,spring|summer|fall|winter,clear|rainy,Snap the crimson red 16th-century Rathaus and clock tower on Marktplatz in Basel's old town.,7,47.558400,7.587800
Basel - Mittlere Brücke Rhine Walk,Basel,Mittlere Brücke Rhine Walk,Outdoor & Nature,Morning|Afternoon,outdoor,spring|summer|fall,clear|rainy,Cross Switzerland's oldest standing stone bridge between Grossbasel and Kleinbasel over the Rhine.,7,47.561000,7.590500
Basel - Münsterplatz Sunset,Basel,Münsterplatz Sunset,Outdoor & Nature,Afternoon|Evening,outdoor,spring|summer|fall,clear,Sit on the Pfalz terrace behind the Münster watching the Rhine glow gold at sunset.,4,47.556400,7.591900
Basel - Antikenmuseum Basel,Basel,Antikenmuseum Basel,Culture & History,Morning|Afternoon,indoor,spring|summer|fall|winter,any,"Switzerland's only museum dedicated entirely to Mediterranean antiquities, by St Alban-Graben.",7,47.554700,7.590800
Basel - Schaulager Contemporary Art,Basel,Schaulager Contemporary Art,Culture & History,Morning|Afternoon,indoor,spring|summer|fall|winter,any,Herzog & de Meuron building in Münchenstein storing the Emanuel Hoffmann contemporary collection.,7,47.525200,7.614700
Basel - Cartoonmuseum Basel,Basel,Cartoonmuseum Basel,Culture & History,Morning|Afternoon,indoor,spring|summer|fall|winter,any,"Comic and cartoon art museum on St. Alban-Vorstadt, with rotating exhibits of European artists.",7,47.554800,7.592500
Basel - Spalenbrunnen Square,Basel,Spalenbrunnen Square,Culture & History,Morning|Afternoon,outdoor,spring|summer|fall|winter,clear|rainy,Tour Basel's most photogenic fountain and the 14th-century Spalentor gate behind the old town.,4,47.560200,7.580000
Basel - Tinguely Fountain Theaterplatz,Basel,Tinguely Fountain Theaterplatz,Culture & History,Morning|Afternoon,outdoor,spring|summer|fall,clear|rainy,"Jean Tinguely's playful kinetic-art fountain on the old theatre square, splashing year-round.",7,47.554700,7.590800
Basel - St Alban-Tal Mill Walk,Basel,St Alban-Tal Mill Walk,Culture & History,Morning|Afternoon,outdoor,spring|summer|fall,clear|rainy,Quaint cobbled lane along the medieval St Alban canal with the paper mill and museum.,4,47.555000,7.594400
Basel - Lange Erlen Park Walk,Basel,Lange Erlen Park Walk,Outdoor & Nature,Morning|Afternoon,outdoor,spring|summer|fall,clear|rainy,"Free park with deer enclosures, picnic lawns, and forest trails along the Wiese river.",4,47.595300,7.625800
Basel - Mariastein Pilgrimage Walk,Basel,Mariastein Pilgrimage Walk,Culture & History,Morning|Afternoon,outdoor,spring|summer|fall,clear|rainy,Half-day pilgrimage walk from Flüh to the cliff-top Benedictine monastery of Mariastein.,1,47.492800,7.502200
Basel - Augusta Raurica Roman Site,Basel,Augusta Raurica Roman Site,Culture & History,Morning|Afternoon|Evening,outdoor,spring|summer|fall,clear|rainy,"Switzerland's largest Roman archaeological site with theatre, baths, and museum in Augst.",1,47.533100,7.721100
Basel - Basel Zoo (Zolli),Basel,Basel Zoo (Zolli),Outdoor & Nature,Morning|Afternoon|Evening,outdoor,spring|summer|fall,clear|rainy,"Founded 1874, the Zolli is famous for breeding the first Indian rhinos in captivity, with 7000 animals.",1,47.546900,7.579700
Basel - Basel Tram Hop-On Tour,Basel,Basel Tram Hop-On Tour,Culture & History,Morning|Afternoon,outdoor,spring|summer|fall|winter,clear|rainy,"Ride the green BVB trams on lines 6, 8, and 11 across the trinational tram network for €4.",4,47.547900,7.588700
Basel - Tinguely Museum Riverside,Basel,Tinguely Museum Riverside,Culture & History,Morning|Afternoon,indoor,spring|summer|fall|winter,any,Mario Botta building on the Rhine showing Jean Tinguely's wonderfully odd kinetic sculptures.,7,47.561400,7.609400
Basel - Käfigturm Knabenschiessen,Basel,Käfigturm Knabenschiessen,Culture & History,Afternoon,outdoor,fall,clear|rainy,"September festival in Allschwil with traditional Swiss rifle shooting, food stalls, and folk music.",1,47.550000,7.544400
Basel - Basel Carnival Drum Crawl,Basel,Basel Carnival Drum Crawl,Culture & History,Evening,outdoor,winter,any,Three early-morning days each February when Basel parades costumed cliques and piccolo flutes.,1,47.558400,7.587800
Basel - Klingental Boat Cruise,Basel,Klingental Boat Cruise,Outdoor & Nature,Afternoon|Evening,outdoor,spring|summer,clear,"BPG Rhine cruise from Schifflände downstream to Marktgasse, with apéro on deck.",4,47.560100,7.590000
Basel - Basel Pärkli Botanical Garden,Basel,Basel Pärkli Botanical Garden,Outdoor & Nature,Morning|Afternoon,outdoor,spring|summer|fall,clear|rainy,University botanical garden with greenhouses and a Victoria water-lily pond near Spalenring.,4,47.559400,7.580600
Basel - St. Johanns Park Aperitif,Basel,St. Johanns Park Aperitif,Food & Drink,Afternoon|Evening,outdoor,spring|summer,clear,"Pop-up summer bar Sandoase on the Rhine beach with sand, deckchairs, and grilled food.",4,47.568000,7.577500
Basel - Klara Foodhall Streetfood,Basel,Klara Foodhall Streetfood,Food & Drink,Afternoon|Evening,indoor,spring|summer|fall|winter,any,"Klein-Basel food hall with 12 stalls — ramen, pizza, Eritrean, mezze — and craft beer on tap.",4,47.563100,7.591200
Basel - Volkshaus Bar & Restaurant,Basel,Volkshaus Bar & Restaurant,Food & Drink,Afternoon|Evening,indoor,spring|summer|fall|winter,any,Herzog & de Meuron-designed brasserie in Kleinbasel with weekly menus and inner courtyard.,4,47.563100,7.593300
Basel - Basler Mässe Autumn Fair,Basel,Basler Mässe Autumn Fair,Culture & History,Morning|Afternoon|Evening,outdoor,fall,clear|rainy,"16-day autumn fair on Messeplatz with rides, gingerbread, and traditional Mässmogge candies.",1,47.565000,7.601100
Basel - Sissach Wine Route Walk,Basel,Sissach Wine Route Walk,Food & Drink,Morning|Afternoon,outdoor,fall,clear,Vineyard walk between Sissach and Maisprach with tastings at local Baselbiet wineries.,1,47.463100,7.808600
Basel - Hammam Klein-Basel,Basel,Hammam Klein-Basel,Relaxation & Wellness,Afternoon|Evening,indoor,spring|summer|fall|winter,any,"Turkish bath in Klein-Basel with steam, scrub, gommage, and rooftop garden — book ahead.",4,47.564000,7.595000
Basel - Kannenfeldpark Yoga Sundays,Basel,Kannenfeldpark Yoga Sundays,Relaxation & Wellness,Morning,outdoor,spring|summer,clear,Free open-air yoga sessions Sunday mornings in summer on the lawn of Kannenfeldpark.,4,47.563100,7.568100
Basel - Basel Hauptbahnhof Roof Bar,Basel,Basel Hauptbahnhof Roof Bar,Nightlife & Entertainment,Evening,outdoor,spring|summer,clear,Hinterhof rooftop bar above SBB station with sundown DJs and craft cocktails May–September.,4,47.547500,7.589700
Basel - Stadtkino Klosterberg,Basel,Stadtkino Klosterberg,Nightlife & Entertainment,Evening,indoor,spring|summer|fall|winter,any,Independent arthouse cinema near Steinenvorstadt screening classics and international films.,4,47.553600,7.587200
Basel - Sud Live Concert Hall,Basel,Sud Live Concert Hall,Nightlife & Entertainment,Evening,indoor,spring|summer|fall|winter,any,"Mid-size venue in Gundeli with indie rock, hip hop, and electronic concerts and a basement disco.",4,47.544400,7.583600
Basel - Riehen Fondation Beyeler Sunset,Basel,Riehen Fondation Beyeler Sunset,Culture & History,Afternoon|Evening,outdoor,spring|summer|fall,clear,Stroll the lily ponds and Renzo Piano galleries at golden hour around the Fondation Beyeler.,4,47.586700,7.648300
Basel - Basel Christmas Market Münster,Basel,Basel Christmas Market Münster,Food & Drink,Afternoon|Evening,outdoor,winter,any,"Switzerland's largest Christmas market on Münsterplatz and Barfüsserplatz, late November to December.",1,47.556400,7.591900
Basel - Joggeli FC Basel Match,Basel,Joggeli FC Basel Match,Nightlife & Entertainment,Evening,outdoor,spring|summer|fall|winter,any,"Catch a Swiss Super League home game at St. Jakob-Park, Switzerland's largest football stadium.",1,47.541400,7.620600
Bern - Zytglogge Astronomical Clock,Bern,Zytglogge Astronomical Clock,Culture & History,Morning|Afternoon,outdoor,spring|summer|fall|winter,clear|rainy,Watch the 15th-century mechanical figures perform on the hour at Bern's central clock tower.,7,46.947900,7.448000
Bern - Münster Spire Climb,Bern,Münster Spire Climb,Culture & History,Morning|Afternoon,indoor,spring|summer|fall|winter,any,Climb 312 steps up Switzerland's tallest church spire (101 m) for a sweeping view of the old town.,7,46.946900,7.451400
Bern - Kornhausplatz Vegan Brunch,Bern,Kornhausplatz Vegan Brunch,Food & Drink,Morning,indoor,spring|summer|fall|winter,any,"Brunch at Tibits or Kornhauskeller on Kornhausplatz, the splendid 18th-century granary square.",4,46.948300,7.447500
Bern - Käfigturm Cellar Walk,Bern,Käfigturm Cellar Walk,Culture & History,Morning|Afternoon,indoor,spring|summer|fall|winter,any,Visit the 17th-century prison tower turned civic forum on Bärenplatz with free political exhibitions.,7,46.947800,7.445800
Bern - Marktgasse Arcades Walk,Bern,Marktgasse Arcades Walk,Culture & History,Morning|Afternoon,outdoor,spring|summer|fall|winter,clear|rainy,"Stroll the 6 km of UNESCO-listed sandstone arcades sheltering shops, fountains, and cafés.",7,46.948600,7.446900
Bern - Bundesplatz Fountain Play,Bern,Bundesplatz Fountain Play,Outdoor & Nature,Morning|Afternoon|Evening,outdoor,spring|summer,clear,Run through the 26 floor fountains in front of the Federal Palace on summer afternoons.,4,46.946900,7.444400
Bern - Bundesplatz Sound & Light Show,Bern,Bundesplatz Sound & Light Show,Culture & History,Evening,outdoor,fall,any,"Rendez-vous Bundesplatz, free 25-minute architectural projection show on Parliament October–November.",1,46.946900,7.444400
Bern - Bern Museum of Communication,Bern,Bern Museum of Communication,Culture & History,Morning|Afternoon,indoor,spring|summer|fall|winter,any,"Interactive museum on the history and future of communication, near Helvetiaplatz.",7,46.938800,7.451600
Bern - Naturhistorisches Museum Bern,Bern,Naturhistorisches Museum Bern,Culture & History,Morning|Afternoon,indoor,spring|summer|fall|winter,any,See Barry the famous St. Bernard rescue dog stuffed on the ground floor of this natural history museum.,7,46.938900,7.451900
Bern - Bern Tram & Bus Vintage Ride,Bern,Bern Tram & Bus Vintage Ride,Culture & History,Morning|Afternoon,outdoor,spring|summer|fall,clear|rainy,Ride the historic Be 4/4 tram on weekends from May to October around the old-town loop.,4,46.948600,7.446900
Bern - Schwellenmätteli Riverside,Bern,Schwellenmätteli Riverside,Food & Drink,Afternoon|Evening,outdoor,spring|summer,clear,Restaurant terrace right on the Aare weir with the best view of the Münster reflected in the river.,4,46.942500,7.451900
Bern - Reitschule Cultural Centre,Bern,Reitschule Cultural Centre,Nightlife & Entertainment,Evening,indoor,spring|summer|fall|winter,any,"Bern's alternative cultural complex with concerts, cinema, vegetarian Sous le Pont restaurant.",4,46.951900,7.442200
Bern - Botanical Garden Aare Slope,Bern,Botanical Garden Aare Slope,Outdoor & Nature,Morning|Afternoon,outdoor,spring|summer|fall,clear,Free 2-hectare hillside botanical garden with greenhouses and views down to the Aare loop.,4,46.952500,7.447500
Bern - Tierpark Dählhölzli Zoo,Bern,Tierpark Dählhölzli Zoo,Outdoor & Nature,Morning|Afternoon|Evening,outdoor,spring|summer|fall,clear|rainy,"Riverside zoo with Swiss wildlife — lynx, wolves, bears — connected by forest trails to the Bear Park.",1,46.933300,7.450000
Bern - BärenPark River Loop Run,Bern,BärenPark River Loop Run,Adventure & Sports,Morning,outdoor,spring|summer|fall,clear|rainy,5 km riverside run from Bärenpark up to Tierpark and back along the Aare promenade.,4,46.948900,7.458300
Bern - Aaregg Public Aaregg Pool,Bern,Aaregg Public Aaregg Pool,Relaxation & Wellness,Morning|Afternoon,outdoor,summer,clear,"Free city pool Aaregg in Marzili, with grill area, lawn, and a 50-m lap pool above the Aare.",4,46.941900,7.445600
Bern - Stade de Suisse YB Match,Bern,Stade de Suisse YB Match,Nightlife & Entertainment,Evening,outdoor,spring|summer|fall|winter,any,Watch Young Boys play a Swiss Super League home game at the 31 000-seat Stade de Suisse stadium.,1,46.963600,7.463600
Bern - Schützenmatte Skatepark,Bern,Schützenmatte Skatepark,Adventure & Sports,Afternoon|Evening,outdoor,spring|summer|fall,clear,Switzerland's largest concrete bowl & street plaza skatepark beside the Reitschule near the river.,4,46.952500,7.441900
Bern - Zibelemärit Onion Market,Bern,Zibelemärit Onion Market,Culture & History,Morning|Afternoon|Evening,outdoor,fall,any,"Switzerland's biggest onion market, fourth Monday of November, with 50 tons of onions on display.",1,46.948600,7.446900
Bern - Sandstein-Café Münsterplattform,Bern,Sandstein-Café Münsterplattform,Food & Drink,Afternoon|Evening,outdoor,spring|summer,clear,Drinks on the Münsterplattform terrace under chestnuts with the loveliest view of the Old Town.,4,46.946900,7.451700
Bern - Wankdorf Christmas Carmel Walk,Bern,Wankdorf Christmas Carmel Walk,Food & Drink,Afternoon|Evening,outdoor,winter,any,"Swiss-Italian-style Christmas village in Wankdorf with mulled wine, wood-fired pizza, and a chapel.",1,46.963600,7.463600
Bern - Aare Sunset Paddle Float,Bern,Aare Sunset Paddle Float,Adventure & Sports,Afternoon|Evening,outdoor,summer,clear,Drift the Aare on a rubber dinghy at golden hour from Eichholz to Marzili — easy beginner-friendly.,4,46.938900,7.440800
Bern - Bernina Express Day Trip,Bern,Bernina Express Day Trip,Culture & History,Morning|Afternoon|Evening,outdoor,spring|summer|fall|winter,any,Full-day scenic train ride from Bern to Pontresina via Chur on UNESCO Rhaetian Albula route.,1,46.948600,7.439500
Bern - Restaurant Lötschberg Rösti,Bern,Restaurant Lötschberg Rösti,Food & Drink,Afternoon|Evening,indoor,spring|summer|fall|winter,any,Bern Old-Town institution serving 24 different Swiss röstis with a vast cellar wine list.,4,46.949400,7.447500
Bern - Stettlen Vineyard Walk,Bern,Stettlen Vineyard Walk,Food & Drink,Morning|Afternoon,outdoor,fall,clear,Hike or cycle the small Bernese vineyards above the Worb suburb with tastings at Stettlen cellars.,1,46.943600,7.517200
Bern - Casinoplatz Sunset Aperitif,Bern,Casinoplatz Sunset Aperitif,Food & Drink,Afternoon|Evening,outdoor,spring|summer,clear,Apéro on Casinoplatz watching the sun set behind the Bernese Alps from the Kirchenfeldbrücke deck.,4,46.945000,7.448600
Bern - Bernisches Historisches Museum,Bern,Bernisches Historisches Museum,Culture & History,Morning|Afternoon,indoor,spring|summer|fall|winter,any,Explore the Einstein Museum upstairs and the city history galleries downstairs in Helvetiaplatz castle.,7,46.941900,7.450000
Bern - Tierpark Dählhölzli River Loop,Bern,Tierpark Dählhölzli River Loop,Outdoor & Nature,Morning|Afternoon,outdoor,spring|summer|fall,clear|rainy,Walk both banks of the Aare from Marzili to Schönausteg passing the zoo and otter enclosure.,4,46.935600,7.451700
Bern - Bern Salt Cave Therapy,Bern,Bern Salt Cave Therapy,Relaxation & Wellness,Afternoon|Evening,indoor,spring|summer|fall|winter,any,Salt-room therapy session at Holos Salzgrotte in Kirchenfeld for respiratory wellness.,4,46.941900,7.453600
Bern - Köniz Castle Park Walk,Bern,Köniz Castle Park Walk,Outdoor & Nature,Morning|Afternoon,outdoor,spring|summer|fall,clear|rainy,"Free walk around the medieval Köniz castle and its baroque garden, just south of the city.",4,46.924400,7.413100
Bern - Wankdorf Stadium Tour,Bern,Wankdorf Stadium Tour,Culture & History,Morning|Afternoon,indoor,spring|summer|fall|winter,any,"Behind-the-scenes tour of the YB home pitch, including dressing rooms and 1954 World Cup memorial.",4,46.963600,7.463600
Bern - Belp Castle Sunset Walk,Bern,Belp Castle Sunset Walk,Outdoor & Nature,Afternoon|Evening,outdoor,spring|summer,clear,Walk up to the 12th-century Belpberg castle for a wide sunset view over the Aare valley.,4,46.903600,7.494400
Lausanne - Lausanne Cathedral Notre-Dame,Lausanne,Lausanne Cathedral Notre-Dame,Culture & History,Morning|Afternoon,indoor,spring|summer|fall|winter,any,13th-century gothic cathedral on the highest point of old town with rose window and tower climb.,7,46.522400,6.635300
Lausanne - Cathedral Night Watchman Call,Lausanne,Cathedral Night Watchman Call,Culture & History,Evening,outdoor,spring|summer|fall|winter,any,"Hear the night watchman shout the hours from the cathedral tower 10 pm–2 am, since 1405.",1,46.522400,6.635300
Lausanne - Olympic Park Sculptures,Lausanne,Olympic Park Sculptures,Culture & History,Morning|Afternoon,outdoor,spring|summer|fall,clear|rainy,Walk past Niki de Saint Phalle's and Botero's sculptures around the Olympic Museum.,4,46.508900,6.635300
Lausanne - Sauvabelin Tower & Lake,Lausanne,Sauvabelin Tower & Lake,Outdoor & Nature,Morning|Afternoon,outdoor,spring|summer|fall,clear|rainy,Climb 35-metre wooden Sauvabelin Tower then loop around the lake with deer enclosures and forest.,4,46.533100,6.642200
Lausanne - Mon-Repos Park Walk,Lausanne,Mon-Repos Park Walk,Outdoor & Nature,Morning|Afternoon,outdoor,spring|summer|fall,clear|rainy,"English-style park in Lausanne East with grottos, ponds, and the small Olympic museum villa.",4,46.521700,6.650000
Lausanne - Plateforme 10 Art District,Lausanne,Plateforme 10 Art District,Culture & History,Morning|Afternoon,indoor,spring|summer|fall|winter,any,"Walk through the new art district with MCBA fine arts, Photo Elysée, and design Mudac museums.",7,46.516100,6.629400
Lausanne - Hermitage Foundation Park,Lausanne,Hermitage Foundation Park,Culture & History,Morning|Afternoon,outdoor,spring|summer|fall,clear|rainy,Painting exhibitions in 19th-century mansion plus elm-lined park with city views.,4,46.532500,6.645300
Lausanne - Flon District Bar Crawl,Lausanne,Flon District Bar Crawl,Nightlife & Entertainment,Evening,indoor,spring|summer|fall|winter,any,"Crawl Lausanne's converted warehouse quarter Flon with trendy bars, clubs, and rooftop terraces.",4,46.521200,6.628600
Lausanne - Métro M2 Cogwheel Ride,Lausanne,Métro M2 Cogwheel Ride,Culture & History,Morning|Afternoon,outdoor,spring|summer|fall|winter,any,Ride the world's first urban automatic cogwheel metro from Ouchy lakefront to Croisettes hilltop.,4,46.519700,6.632800
Lausanne - Lutry Vineyard Walk,Lausanne,Lutry Vineyard Walk,Food & Drink,Morning|Afternoon,outdoor,fall,clear,Cross the UNESCO Lavaux vineyards from Lutry to Cully on the Terrasses du Lavaux walking trail.,1,46.500600,6.688300
Lausanne - Lavaux Cully Wine Tasting,Lausanne,Lavaux Cully Wine Tasting,Food & Drink,Afternoon|Evening,indoor,spring|summer|fall|winter,any,Sample Chasselas at family wineries in Cully Espace Découverte at the village's wine bar.,4,46.490000,6.746100
Lausanne - Forel Cheese Dairy Visit,Lausanne,Forel Cheese Dairy Visit,Food & Drink,Morning|Afternoon,indoor,spring|summer|fall|winter,any,Drive 15 minutes east to Forel to watch L'Etivaz alpine cheese being made in the artisan dairy.,1,46.573300,6.770000
Lausanne - Pâquis Sunset Apéro,Lausanne,Pâquis Sunset Apéro,Food & Drink,Afternoon|Evening,outdoor,spring|summer,clear,Sunset drinks at Vaudaire café on the Vidy beach watching paddleboarders glide past.,4,46.516900,6.601400
Lausanne - Bellerive Plage Lake Swim,Lausanne,Bellerive Plage Lake Swim,Relaxation & Wellness,Morning|Afternoon,outdoor,summer,clear,"Public lake-bathing area with three pools, diving boards, and a kilometre-long pebble beach.",4,46.511400,6.644400
Lausanne - Vidy Roman Excavations,Lausanne,Vidy Roman Excavations,Culture & History,Morning|Afternoon,outdoor,spring|summer|fall,clear|rainy,Free open-air Roman remains of Lousonna near Vidy lake park with explanatory panels.,4,46.516700,6.612500
Lausanne - Lausanne Festival de la Cité,Lausanne,Lausanne Festival de la Cité,Nightlife & Entertainment,Evening,outdoor,summer,clear,"Free July open-air arts festival across the old town with concerts, theatre, and dance until 2 am.",1,46.523600,6.635800
Lausanne - Café Romand Old-School Lunch,Lausanne,Café Romand Old-School Lunch,Food & Drink,Morning|Afternoon,indoor,spring|summer|fall|winter,any,"Traditional Vaudois lunch — papet vaudois, saucisson, fondue — in a 1951 brasserie on Place St-François.",4,46.518100,6.633600
Lausanne - Boulangerie de l'Hôtel de Ville,Lausanne,Boulangerie de l'Hôtel de Ville,Food & Drink,Morning,indoor,spring|summer|fall|winter,any,Order a Lausanne-famous flûte d'or pastry and a noisette espresso at this artisan bakery.,4,46.521700,6.634700
Lausanne - Mont-Pélerin Funicular,Lausanne,Mont-Pélerin Funicular,Outdoor & Nature,Morning|Afternoon,outdoor,spring|summer|fall,clear,Funicular from Vevey up to Mont-Pélerin balcony viewpoint over Lavaux and the Alps.,4,46.481100,6.837800
Lausanne - L'AccrobranchePura Aventure,Lausanne,L'AccrobranchePura Aventure,Adventure & Sports,Morning|Afternoon,outdoor,spring|summer,clear,Tree-top adventure park at Signal-de-Bougy with zip-lines and rope courses for all levels.,4,46.451700,6.306100
Lausanne - Cycle Lavaux Wine Route,Lausanne,Cycle Lavaux Wine Route,Adventure & Sports,Morning|Afternoon|Evening,outdoor,spring|summer|fall,clear,Cycle the 19 km lakeshore-and-vineyard route from Lausanne via Cully to Vevey through the UNESCO terraces.,1,46.480600,6.661100
Lausanne - Cocktail Bar Le Great Escape,Lausanne,Cocktail Bar Le Great Escape,Nightlife & Entertainment,Evening,indoor,spring|summer|fall|winter,any,Speakeasy-style cocktail bar above Place Saint-François with a long world-whisky list.,4,46.518900,6.632200
Lausanne - MAD Club Late Night,Lausanne,MAD Club Late Night,Nightlife & Entertainment,Evening,indoor,spring|summer|fall|winter,any,"Switzerland's oldest dance club, four floors of electronic, hip hop, and Latin music in old town.",4,46.518300,6.635600
Lausanne - Opera de Lausanne Evening,Lausanne,Opera de Lausanne Evening,Nightlife & Entertainment,Evening,indoor,spring|summer|fall|winter,any,"Catch an opera, ballet, or symphony in the elegant horseshoe-shaped 19th-century opera house.",4,46.521900,6.629400
Lausanne - Vaud Christmas Market Bourg,Lausanne,Vaud Christmas Market Bourg,Food & Drink,Afternoon|Evening,outdoor,winter,any,Lausanne's main Christmas market on Rue de Bourg and Place Saint-François with raclette and mulled wine.,1,46.521700,6.634700
Lausanne - Aquatis Aquarium-Vivarium,Lausanne,Aquatis Aquarium-Vivarium,Culture & History,Morning|Afternoon,indoor,spring|summer|fall|winter,any,Europe's biggest fresh-water aquarium with 5 continents of aquatic ecosystems at Vennes metro.,7,46.536600,6.648100
Lausanne - Hermitage Forest Trail Run,Lausanne,Hermitage Forest Trail Run,Adventure & Sports,Morning,outdoor,spring|summer|fall,clear|rainy,"8 km wooded loop from Sauvabelin via Hermitage and back, runnable for intermediate level.",4,46.532500,6.645300
Lausanne - Pully Roman Villa Museum,Lausanne,Pully Roman Villa Museum,Culture & History,Morning|Afternoon,indoor,spring|summer|fall|winter,any,"Free site museum on a real Gallo-Roman villa preserved under glass, in Pully suburb.",4,46.507200,6.660800
Lausanne - EPFL Rolex Learning Centre,Lausanne,EPFL Rolex Learning Centre,Culture & History,Morning|Afternoon,indoor,spring|summer|fall|winter,any,"SANAA-designed wavy 'library hill' open to visitors on EPFL campus, free during weekdays.",4,46.518300,6.568900
Lausanne - Béjart Ballet Performance,Lausanne,Béjart Ballet Performance,Nightlife & Entertainment,Evening,indoor,spring|summer|fall|winter,any,Catch a performance by world-renowned Béjart Ballet Lausanne at the Théâtre de Beaulieu.,4,46.528600,6.635600
Lucerne - Chapel Bridge Kapellbrücke Walk,Lucerne,Chapel Bridge Kapellbrücke Walk,Culture & History,Morning|Afternoon,outdoor,spring|summer|fall|winter,clear|rainy,Cross Europe's oldest wooden covered bridge with painted gables and the octagonal water tower.,7,47.051700,8.307200
Lucerne - Lion Monument Reflective Park,Lucerne,Lion Monument Reflective Park,Culture & History,Morning|Afternoon,outdoor,spring|summer|fall|winter,clear|rainy,See Thorvaldsen's dying lion sculpture carved into a sandstone cliff in a small park north of old town.,7,47.058100,8.310800
Lucerne - Spreuerbrücke Dance of Death,Lucerne,Spreuerbrücke Dance of Death,Culture & History,Morning|Afternoon,outdoor,spring|summer|fall|winter,clear|rainy,Walk the older 1408 wooden bridge with 67 17th-century macabre Dance of Death paintings.,7,47.053300,8.301900
Lucerne - Bourbaki Panorama 1881,Lucerne,Bourbaki Panorama 1881,Culture & History,Morning|Afternoon,indoor,spring|summer|fall|winter,any,Step into a 112 m circular panorama painting depicting the internment of Bourbaki's army in 1871.,7,47.057800,8.312800
Lucerne - Sammlung Rosengart,Lucerne,Sammlung Rosengart,Culture & History,Morning|Afternoon,indoor,spring|summer|fall|winter,any,Private collection of 200+ Picasso and Klee works inside the old National Bank building.,7,47.049700,8.305600
Lucerne - Hofkirche Organ Recital,Lucerne,Hofkirche Organ Recital,Culture & History,Evening,indoor,spring|summer|fall|winter,any,Tuesday-night organ recitals on the famous 4950-pipe organ in the twin-towered Court Church.,4,47.056700,8.312200
Lucerne - Musegg Wall Tower Walk,Lucerne,Musegg Wall Tower Walk,Culture & History,Morning|Afternoon,outdoor,spring|summer|fall,clear|rainy,Walk the 870 m medieval city wall and climb three of its nine towers for old town panoramas.,4,47.055600,8.306000
Lucerne - Glacier Garden & Mirror Maze,Lucerne,Glacier Garden & Mirror Maze,Culture & History,Morning|Afternoon,outdoor,spring|summer|fall,clear|rainy,Mossy potholes from the last ice age plus a fun mirror maze of moorish arches behind Lion Monument.,4,47.058900,8.312200
Lucerne - Lake Lucerne Steam Boat,Lucerne,Lake Lucerne Steam Boat,Outdoor & Nature,Morning|Afternoon,outdoor,spring|summer|fall,clear|rainy,Take the 1908 paddle steamer Schiller from Lucerne via Weggis to Flüelen — classic 5-hour cruise.,1,47.049700,8.308300
Lucerne - Lake Lucerne Sunset Cruise,Lucerne,Lake Lucerne Sunset Cruise,Outdoor & Nature,Afternoon|Evening,outdoor,spring|summer,clear,1-hour evening cruise from Bahnhofsteg pier with apéro on board past Bürgenstock cliffs.,4,47.049700,8.308300
Lucerne - Mt Pilatus Cogwheel Train,Lucerne,Mt Pilatus Cogwheel Train,Outdoor & Nature,Morning|Afternoon|Evening,outdoor,spring|summer|fall,clear,Ride the world's steepest cogwheel railway from Alpnachstad to the 2128 m summit of Pilatus.,1,46.978900,8.253100
Lucerne - Stanserhorn CabriO Cable Car,Lucerne,Stanserhorn CabriO Cable Car,Outdoor & Nature,Morning|Afternoon,outdoor,spring|summer|fall,clear,Ride the world's first double-deck open-top cable car to the 1898 m Stanserhorn summit.,1,46.978900,8.366700
Lucerne - Rigi Cogwheel & Spa,Lucerne,Rigi Cogwheel & Spa,Outdoor & Nature,Morning|Afternoon|Evening,outdoor,spring|summer|fall|winter,clear|rainy,Combine the cogwheel ride up the Queen of the Mountains with the modern Mineralbad Rigi-Kaltbad spa.,1,47.053300,8.486900
Lucerne - Bürgenstock Hammetschwand Lift,Lucerne,Bürgenstock Hammetschwand Lift,Outdoor & Nature,Morning|Afternoon,outdoor,spring|summer|fall,clear,Take Europe's tallest exterior elevator up the cliff to the 1128 m Hammetschwand viewpoint.,4,47.007200,8.400600
Lucerne - Verkehrshaus Transport Museum,Lucerne,Verkehrshaus Transport Museum,Culture & History,Morning|Afternoon|Evening,indoor,spring|summer|fall|winter,any,"Switzerland's most-visited museum: trains, planes, ships, space, planetarium, Imax — full day.",1,47.050000,8.341700
Lucerne - Richard Wagner Museum Tribschen,Lucerne,Richard Wagner Museum Tribschen,Culture & History,Morning|Afternoon,indoor,spring|summer|fall|winter,any,"Lakeside villa where Wagner lived 1866-1872, now a small museum of his Lucerne years.",4,47.032200,8.312200
Lucerne - Hirschmatt Pizza & Spritz,Lucerne,Hirschmatt Pizza & Spritz,Food & Drink,Afternoon|Evening,indoor,spring|summer|fall|winter,any,Hirschmatt district has trendy Italian bistros — try Restaurant Antonini or La Cucina dei Tre Re.,4,47.048900,8.309400
Lucerne - Rathaus Brauerei Beer Garden,Lucerne,Rathaus Brauerei Beer Garden,Food & Drink,Afternoon|Evening,outdoor,spring|summer,clear,"Brew-pub on Unter der Egg with house-made hellbier, schwarzbier, and Swiss tapas terrace by the river.",4,47.051700,8.309200
Lucerne - Bell-Brand Schokoladen Tour,Lucerne,Bell-Brand Schokoladen Tour,Food & Drink,Morning|Afternoon,indoor,spring|summer|fall|winter,any,Tour the Maestrani Chocolarium chocolate factory in Flawil with tastings (45-min train ride).,1,47.411700,9.190800
Lucerne - Lucerne Festival in Summer,Lucerne,Lucerne Festival in Summer,Culture & History,Evening,indoor,summer,any,Renowned August classical-music festival at Jean Nouvel's KKL concert hall with major orchestras.,1,47.050800,8.311400
Lucerne - Lucerne Blue Ball Carnival,Lucerne,Lucerne Blue Ball Carnival,Culture & History,Evening,indoor,winter,any,Five-day Lucerne Carnival the week before Lent with Guggenmusik bands and costumed Fritschi parade.,1,47.051700,8.307200
Lucerne - KKL Architecture Tour,Lucerne,KKL Architecture Tour,Culture & History,Morning|Afternoon,indoor,spring|summer|fall|winter,any,Behind-the-scenes guided tour of Jean Nouvel's wave-roof KKL congress and concert centre.,4,47.050800,8.311400
Lucerne - Pilatus Dragon Trail Hike,Lucerne,Pilatus Dragon Trail Hike,Adventure & Sports,Morning|Afternoon,outdoor,spring|summer,clear,Easy ridge trail from Pilatus Kulm summit station around the dragon-themed path with viewpoints.,4,46.978600,8.253600
Lucerne - Vierwaldstättersee Wakeboard,Lucerne,Vierwaldstättersee Wakeboard,Adventure & Sports,Morning|Afternoon,outdoor,summer,clear,Boat-pulled wakeboarding sessions with Sealution school out of Lucerne marina.,4,47.046700,8.308300
Lucerne - Engelberg Mt Titlis Day Trip,Lucerne,Engelberg Mt Titlis Day Trip,Adventure & Sports,Morning|Afternoon|Evening,outdoor,spring|summer|fall|winter,clear|snowy,Day trip via Stansstad to 3020 m Mt Titlis with rotating Rotair cable car and Cliff Walk suspension bridge.,1,46.771100,8.435800
Lucerne - Bürgenstock Lake Walk Felsenweg,Lucerne,Bürgenstock Lake Walk Felsenweg,Outdoor & Nature,Morning|Afternoon,outdoor,spring|summer|fall,clear,Cliff-cut Felsenweg trail between Bürgenstock and Honegg with sheer drops to the lake.,4,47.007200,8.400600
Lucerne - Schwyz Bundesbriefmuseum,Lucerne,Schwyz Bundesbriefmuseum,Culture & History,Morning|Afternoon,indoor,spring|summer|fall|winter,any,"See the original 1291 Federal Charter — Switzerland's founding document — in Schwyz, 30 min away.",1,47.020300,8.655300
Lucerne - Hammetschwand Sunset Spritz,Lucerne,Hammetschwand Sunset Spritz,Food & Drink,Afternoon|Evening,outdoor,spring|summer,clear,Sundown drink at Hammetschwand viewpoint restaurant with the Alps glowing pink over the lake.,4,47.007200,8.400600
Lucerne - Old Town Photo Walk Dawn,Lucerne,Old Town Photo Walk Dawn,Culture & History,Morning,outdoor,spring|summer|fall,clear,Early-morning photo walk over Kapellbrücke catching the lake mist before the tour groups arrive.,4,47.051700,8.307200
Lucerne - Reuss River Suspension Walk,Lucerne,Reuss River Suspension Walk,Outdoor & Nature,Afternoon|Evening,outdoor,spring|summer|fall,clear|rainy,Crossing the bouncy Geissmättli pedestrian bridge between Spreuerbrücke and the Old Town.,4,47.053300,8.301900
Lucerne - Schweizerhof Hotel Bar Cocktail,Lucerne,Schweizerhof Hotel Bar Cocktail,Food & Drink,Evening,indoor,spring|summer|fall|winter,any,Cocktail and Mountain Tonic at the Astoria Penthouse Suzette bar with rooftop view of Pilatus.,4,47.051700,8.312200
Lucerne - Sonnenberg Forest Lookout,Lucerne,Sonnenberg Forest Lookout,Outdoor & Nature,Morning|Afternoon,outdoor,spring|summer|fall,clear|rainy,Take the Sonnenbergbahn funicular to a forested ridge with 360° viewpoint and forest trails.,4,47.030600,8.297200
Interlaken - Höhematte Park Stroll,Interlaken,Höhematte Park Stroll,Outdoor & Nature,Morning|Afternoon,outdoor,spring|summer|fall,clear|rainy,Walk Interlaken's central 14-hectare protected meadow with Eiger-Mönch-Jungfrau panorama.,7,46.686300,7.864200
Interlaken - Harder Kulm Funicular,Interlaken,Harder Kulm Funicular,Outdoor & Nature,Morning|Afternoon,outdoor,spring|summer|fall,clear,Ride the steep funicular to the 1322 m Two-Lakes Bridge viewing platform overlooking both lakes.,4,46.688300,7.860600
Interlaken - Schynige Platte Train,Interlaken,Schynige Platte Train,Outdoor & Nature,Morning|Afternoon|Evening,outdoor,summer|fall,clear,Vintage cogwheel train from Wilderswil to 2000 m alpine botanical garden with hiking trails.,1,46.658900,7.921400
Interlaken - First Cliff Walk by Tissot,Interlaken,First Cliff Walk by Tissot,Adventure & Sports,Morning|Afternoon,outdoor,summer|fall,clear,Walk a 45-metre-long suspended steel walkway off the First mountain station 2167 m above Grindelwald.,4,46.660300,8.048900
Interlaken - Beatus Caves Lake Tour,Interlaken,Beatus Caves Lake Tour,Outdoor & Nature,Morning|Afternoon,indoor,spring|summer|fall,any,Walk a kilometre of lit limestone caves above Lake Thun with waterfalls and stalactites.,4,46.685600,7.761100
Interlaken - Lake Brienz Boat Day,Interlaken,Lake Brienz Boat Day,Outdoor & Nature,Morning|Afternoon|Evening,outdoor,spring|summer,clear,Paddle-steamer cruise on turquoise Lake Brienz to Iseltwald and Giessbach Falls Park.,1,46.690000,7.880000
Interlaken - Giessbach Falls & Funicular,Interlaken,Giessbach Falls & Funicular,Outdoor & Nature,Morning|Afternoon,outdoor,spring|summer|fall,clear|rainy,Walk Switzerland's oldest funicular up to the cascading Giessbach Falls and historic Grand Hotel.,4,46.724400,7.927200
Interlaken - Aare Gorge Aareschlucht Walk,Interlaken,Aare Gorge Aareschlucht Walk,Outdoor & Nature,Morning|Afternoon,outdoor,spring|summer|fall,clear|rainy,Walk the 1.4 km wooden boardwalk through the dramatic 200 m deep Aare Gorge near Meiringen.,4,46.725000,8.201400
Interlaken - Trümmelbach Falls Cave,Interlaken,Trümmelbach Falls Cave,Outdoor & Nature,Morning|Afternoon,indoor,spring|summer|fall,any,Ride a tunnel funicular inside the cliff to see 10 glacial waterfalls thundering through Lauterbrunnen.,4,46.579700,7.911400
Interlaken - Skydive Interlaken Plane,Interlaken,Skydive Interlaken Plane,Adventure & Sports,Morning|Afternoon,outdoor,spring|summer|fall,clear,Tandem freefall jump from 4000 m over the Eiger-Mönch-Jungfrau range with Skydive Interlaken.,1,46.675000,7.878600
Interlaken - Lütschine Whitewater Raft,Interlaken,Lütschine Whitewater Raft,Adventure & Sports,Morning|Afternoon,outdoor,spring|summer,clear,Class III-IV rafting on the Lütschine river from Grindelwald valley to Interlaken with Outdoor.ch.,4,46.678600,7.871400
Interlaken - Paragliding Beatenberg Takeoff,Interlaken,Paragliding Beatenberg Takeoff,Adventure & Sports,Morning|Afternoon,outdoor,spring|summer|fall,clear,20-minute tandem paraglide flight from Beatenberg landing on the Höhematte meadow.,4,46.700000,7.791700
Interlaken - Lake Thun Wakesurfing,Interlaken,Lake Thun Wakesurfing,Adventure & Sports,Morning|Afternoon,outdoor,summer,clear,Beginner wakesurfing lessons on the calm bay of Spiez behind a wake boat with Hightide school.,4,46.690600,7.680000
Interlaken - Schloss Oberhofen Castle,Interlaken,Schloss Oberhofen Castle,Culture & History,Morning|Afternoon,outdoor,spring|summer|fall,clear|rainy,Visit the lakefront medieval castle of Oberhofen on Lake Thun with English garden and dock.,4,46.745600,7.732200
Interlaken - Schloss Spiez Lake Castle,Interlaken,Schloss Spiez Lake Castle,Culture & History,Morning|Afternoon,indoor,spring|summer|fall,clear|rainy,Medieval castle on a peninsula in Lake Thun with a Romanesque church and vineyard slopes.,4,46.685600,7.669200
Interlaken - Sherlock Holmes Museum Meiringen,Interlaken,Sherlock Holmes Museum Meiringen,Culture & History,Morning|Afternoon,indoor,spring|summer|fall|winter,any,"Reichenbach Falls village with a Sherlock Holmes museum, plus the falls funicular nearby.",1,46.725000,8.185600
Interlaken - Reichenbach Falls Funicular,Interlaken,Reichenbach Falls Funicular,Outdoor & Nature,Morning|Afternoon,outdoor,spring|summer|fall,clear,Ride the 1899 funicular up to the falls platform where Sherlock Holmes met Moriarty.,4,46.716700,8.185600
Interlaken - Niederhorn Cable Car Hike,Interlaken,Niederhorn Cable Car Hike,Outdoor & Nature,Morning|Afternoon,outdoor,summer|fall,clear,Cable car to 1950 m Niederhorn for ridge walks with ibex sightings above Lake Thun.,4,46.715000,7.808300
Interlaken - Casino Interlaken Evening,Interlaken,Casino Interlaken Evening,Nightlife & Entertainment,Evening,indoor,spring|summer|fall|winter,any,Try blackjack or roulette at the elegant Kursaal casino in the heart of Interlaken.,4,46.690600,7.864200
Interlaken - Husi Sportbar Wing Night,Interlaken,Husi Sportbar Wing Night,Nightlife & Entertainment,Evening,indoor,spring|summer|fall|winter,any,Casual sports bar near the West station with cheap drinks and live games on screens.,4,46.682200,7.853100
Interlaken - Goldswil Church Ruin Hike,Interlaken,Goldswil Church Ruin Hike,Outdoor & Nature,Morning|Afternoon,outdoor,spring|summer|fall,clear|rainy,30-min walk to the 12th-century ruined church above Goldswil with both lakes in view.,4,46.702800,7.901900
Interlaken - Beatenberg Forest Yoga,Interlaken,Beatenberg Forest Yoga,Relaxation & Wellness,Morning,outdoor,spring|summer,clear,"Sunday morning forest yoga sessions on Beatenberg ridge with Jungfrau view, weather permitting.",4,46.700000,7.791700
Interlaken - Victoria Jungfrau Spa,Interlaken,Victoria Jungfrau Spa,Relaxation & Wellness,Afternoon|Evening,indoor,spring|summer|fall|winter,any,Day pass at the 5500 m² ESPA Wellness Spa inside the grand Victoria-Jungfrau hotel.,4,46.687800,7.863900
Interlaken - Beatenbucht Public Lake Bath,Interlaken,Beatenbucht Public Lake Bath,Relaxation & Wellness,Morning|Afternoon,outdoor,summer,clear,Free lakeside bathing platform on Lake Thun's north shore at Beatenbucht ferry stop.,4,46.717800,7.771100
Interlaken - Brienz Wood-Carving School,Interlaken,Brienz Wood-Carving School,Culture & History,Morning|Afternoon,indoor,spring|summer|fall|winter,any,"Watch master carvers at Jobin in Brienz, the Swiss centre of traditional wood carving since 1835.",4,46.760000,8.038300
Interlaken - Ballenberg Open-Air Museum,Interlaken,Ballenberg Open-Air Museum,Culture & History,Morning|Afternoon|Evening,outdoor,spring|summer|fall,clear|rainy,Switzerland's biggest open-air museum with 100 historic buildings from every canton at Hofstetten.,1,46.761100,8.068300
Interlaken - Gimmelwald Cable Car Hamlet,Interlaken,Gimmelwald Cable Car Hamlet,Outdoor & Nature,Morning|Afternoon,outdoor,spring|summer|fall,clear,Cable car from Stechelberg up to the car-free Gimmelwald hamlet with a 360° Bernese Alps view.,4,46.544700,7.888100
Grindelwald - Eiger Trail Hike,Grindelwald,Eiger Trail Hike,Adventure & Sports,Morning|Afternoon|Evening,outdoor,summer|fall,clear,Iconic 6 km hike from Eigergletscher station to Alpiglen below the Eiger North Face.,1,46.578300,8.003600
Grindelwald - Eiger Express Cable Car,Grindelwald,Eiger Express Cable Car,Outdoor & Nature,Morning|Afternoon,outdoor,spring|summer|fall|winter,clear|snowy,3S tricable gondola from Grindelwald Terminal to Eigergletscher in 15 minutes (since Dec 2020).,4,46.621900,8.033900
Grindelwald - Männlichen Cable Car,Grindelwald,Männlichen Cable Car,Outdoor & Nature,Morning|Afternoon,outdoor,summer|fall,clear,Switzerland's longest gondola from Grindelwald Grund to the 2230 m Männlichen ridge.,4,46.611100,7.970000
Grindelwald - Royal Walk Männlichen,Grindelwald,Royal Walk Männlichen,Adventure & Sports,Morning|Afternoon,outdoor,summer|fall,clear,20-min easy ridge walk from Männlichen station to the crown summit with grand panorama.,4,46.612200,7.959400
Grindelwald - Männlichen Kleine Scheidegg Walk,Grindelwald,Männlichen Kleine Scheidegg Walk,Adventure & Sports,Morning|Afternoon,outdoor,summer|fall,clear,Classic 4.3 km Panoramaweg from Männlichen to Kleine Scheidegg with the Eiger always in front.,4,46.611100,7.962200
Grindelwald - Pfingstegg Toboggan Run,Grindelwald,Pfingstegg Toboggan Run,Adventure & Sports,Morning|Afternoon,outdoor,summer|fall,clear,Steel summer toboggan and 800 m fly-line zip-line above Grindelwald valley.,4,46.623300,8.048900
Grindelwald - Grindelwald Sports Iceclimbing,Grindelwald,Grindelwald Sports Iceclimbing,Adventure & Sports,Morning|Afternoon,outdoor,winter,any,Beginner ice-climbing courses with Grindelwald Sports school on a frozen waterfall in the valley.,4,46.624400,8.033900
Grindelwald - Bachalpsee Lake Hike,Grindelwald,Bachalpsee Lake Hike,Adventure & Sports,Morning|Afternoon|Evening,outdoor,summer|fall,clear,Iconic 6 km hike from First gondola to mirror lake Bachalpsee with reflective Bernese Alps view.,1,46.666900,8.041100
Grindelwald - First Mountain Cart,Grindelwald,First Mountain Cart,Adventure & Sports,Morning|Afternoon,outdoor,summer|fall,clear,Three-wheel mountain cart descent from Schreckfeld to Bort on smooth gravel paths.,4,46.660800,8.056700
Grindelwald - First Trottibike Descent,Grindelwald,First Trottibike Descent,Adventure & Sports,Morning|Afternoon,outdoor,summer|fall,clear,"Wide-tyre scooter descent from Bort down to Grindelwald village (15 km, easy).",4,46.645300,8.049200
Grindelwald - First Flyer Zip-Line,Grindelwald,First Flyer Zip-Line,Adventure & Sports,Morning|Afternoon,outdoor,summer|fall,clear,Strap into a harness and zip 800 m down at 84 km/h from First to Schreckfeld.,4,46.660300,8.048900
Grindelwald - Faulhorn Summit Hike,Grindelwald,Faulhorn Summit Hike,Adventure & Sports,Morning|Afternoon|Evening,outdoor,summer|fall,clear,Strenuous but classic hike from First to 2681 m Faulhorn summit and back via Bachalpsee.,1,46.671100,8.008300
Grindelwald - Grosse Scheidegg Pass Walk,Grindelwald,Grosse Scheidegg Pass Walk,Outdoor & Nature,Morning|Afternoon|Evening,outdoor,summer|fall,clear|rainy,Easy 4-hour walk from Grindelwald via Grosse Scheidegg pass to Meiringen and home by bus.,1,46.655300,8.100600
Grindelwald - Wengen Day Trip Train,Grindelwald,Wengen Day Trip Train,Outdoor & Nature,Morning|Afternoon,outdoor,spring|summer|fall,clear|rainy,Train via Lauterbrunnen up to car-free Wengen for an alpine balcony walk and lunch.,4,46.608600,7.921700
Grindelwald - Lauterbrunnen 72 Waterfalls,Grindelwald,Lauterbrunnen 72 Waterfalls,Outdoor & Nature,Morning|Afternoon,outdoor,spring|summer|fall,clear|rainy,Walk the valley floor under the cliffs of Lauterbrunnen counting waterfalls including 297 m Staubbach.,4,46.590800,7.908900
Grindelwald - Mürren Mountain Village,Grindelwald,Mürren Mountain Village,Outdoor & Nature,Morning|Afternoon,outdoor,spring|summer|fall,clear|rainy,"Car-free Mürren cliff village reached via cable car from Stechelberg, with panoramic café terraces.",4,46.558900,7.891900
Grindelwald - Schilthorn Piz Gloria Day,Grindelwald,Schilthorn Piz Gloria Day,Outdoor & Nature,Morning|Afternoon|Evening,outdoor,spring|summer|fall|winter,clear|snowy,"Cable cars from Mürren to the 2970 m revolving Piz Gloria summit, a James Bond filming site.",1,46.558600,7.835000
Grindelwald - Grindelwald Wengen Ski Day,Grindelwald,Grindelwald Wengen Ski Day,Adventure & Sports,Morning|Afternoon|Evening,outdoor,winter,clear|snowy,"Jungfrau ski area day pass with 200 km of pistes shared between Grindelwald, Wengen, and Mürren.",1,46.624400,8.033900
Grindelwald - Bodmi Snow Park Family,Grindelwald,Bodmi Snow Park Family,Adventure & Sports,Morning|Afternoon,outdoor,winter,clear|snowy,"Beginner ski area on the Bodmi plateau just above Grindelwald, perfect for families and first-timers.",4,46.623300,8.039200
Grindelwald - Pferdeschlittenfahrt Sleigh,Grindelwald,Pferdeschlittenfahrt Sleigh,Culture & History,Afternoon|Evening,outdoor,winter,clear|snowy,Horse-drawn sleigh ride through the snowy valley between Grund and the lower hamlets.,4,46.624400,8.033900
Grindelwald - Aspen Alm Bar Après-Ski,Grindelwald,Aspen Alm Bar Après-Ski,Nightlife & Entertainment,Afternoon|Evening,outdoor,winter,clear|snowy,"Slope-side après-ski at Aspen on the way down from First, with mulled wine and party DJs.",4,46.638600,8.056700
Grindelwald - C&M Lounge & Bar Lounge,Grindelwald,C&M Lounge & Bar Lounge,Nightlife & Entertainment,Evening,indoor,spring|summer|fall|winter,any,"Late-night bar in Grindelwald village with cocktails, billiards, and live sport screenings.",4,46.624400,8.033900
Grindelwald - Grindelwald Eiger Express Sunset,Grindelwald,Grindelwald Eiger Express Sunset,Outdoor & Nature,Afternoon|Evening,outdoor,summer|fall,clear,Take the last Eiger Express up to Eigergletscher at sunset for a glowing North Face view.,4,46.578300,8.003600
Grindelwald - Hotel Belvedere Spa,Grindelwald,Hotel Belvedere Spa,Relaxation & Wellness,Afternoon|Evening,indoor,spring|summer|fall|winter,any,Day pass at Hotel Belvedere's panoramic indoor pool and Eiger-view sauna in Grindelwald centre.,4,46.624200,8.040800
Grindelwald - Sledge Run Bussalp Faulhorn,Grindelwald,Sledge Run Bussalp Faulhorn,Adventure & Sports,Morning|Afternoon,outdoor,winter,clear|snowy,15 km sledge run from Faulhorn summit via Bussalp back to Grindelwald — Switzerland's longest.,4,46.671100,8.008300
Grindelwald - Snowshoeing Holenstein Trail,Grindelwald,Snowshoeing Holenstein Trail,Adventure & Sports,Morning|Afternoon,outdoor,winter,clear|snowy,Easy snowshoe loop from Bussalp around Holenstein chalets through powder snow forests.,4,46.650000,8.016700
Grindelwald - Restaurant Aspen Eiger View,Grindelwald,Restaurant Aspen Eiger View,Food & Drink,Afternoon|Evening,outdoor,spring|summer|fall,clear,Sun-deck terrace at Aspen Hotel restaurant with one of the village's best Eiger-face views.,4,46.638600,8.056700
Zermatt - Gornergrat Cogwheel Train,Zermatt,Gornergrat Cogwheel Train,Outdoor & Nature,Morning|Afternoon|Evening,outdoor,spring|summer|fall|winter,clear|snowy,Cogwheel ride from Zermatt up to 3089 m Gornergrat ridge with 29-peak panorama and observatory hotel.,1,45.983100,7.788600
Zermatt - Sunnegga Funicular Lake,Zermatt,Sunnegga Funicular Lake,Outdoor & Nature,Morning|Afternoon,outdoor,summer|fall,clear,Short underground funicular up to Sunnegga (2288 m) and a Matterhorn-reflecting lake Leisee.,4,46.015600,7.764400
Zermatt - Five Lakes Trail Hike,Zermatt,Five Lakes Trail Hike,Adventure & Sports,Morning|Afternoon|Evening,outdoor,summer|fall,clear,Classic 9.3 km hike Sunnegga–Stellisee–Grindjisee–Grünsee–Moosjisee–Leisee with multiple Matterhorn reflections.,1,46.015000,7.764400
Zermatt - Riffelsee Sunrise Matterhorn,Zermatt,Riffelsee Sunrise Matterhorn,Adventure & Sports,Morning,outdoor,summer|fall,clear,Take the 06:00 first train to Riffelsee to photograph the Matterhorn mirrored in the lake at dawn.,1,45.998900,7.765600
Zermatt - Schwarzsee Chapel Hike,Zermatt,Schwarzsee Chapel Hike,Adventure & Sports,Morning|Afternoon|Evening,outdoor,summer|fall,clear,Cable car to Schwarzsee then loop hike via Stafelalp back to Furi with the Matterhorn ahead.,1,45.970000,7.714400
Zermatt - Hörnli Hut Hike Base Camp,Zermatt,Hörnli Hut Hike Base Camp,Adventure & Sports,Morning|Afternoon|Evening,outdoor,summer,clear,Demanding alpine hike from Schwarzsee to Hörnlihütte (3260 m) — Matterhorn climbers' base.,1,45.960800,7.678300
Zermatt - Gorner Glacier Trek,Zermatt,Gorner Glacier Trek,Adventure & Sports,Morning|Afternoon|Evening,outdoor,summer,clear,"Guided glacier hike across the Gorner Glacier with mountain guides, crampons provided.",1,45.972200,7.815600
Zermatt - Bahnhofstrasse Watch Window,Zermatt,Bahnhofstrasse Watch Window,Culture & History,Morning|Afternoon,outdoor,spring|summer|fall|winter,clear|rainy,Stroll Zermatt's pedestrian main street past sports shops and high-end Swiss watch dealers.,7,46.020300,7.749400
Zermatt - Hinterdorf Old Zermatt Walk,Zermatt,Hinterdorf Old Zermatt Walk,Culture & History,Morning|Afternoon,outdoor,spring|summer|fall|winter,clear|rainy,Wander Hinterdorf district with 16th-18th century stilted Walliser raccards and mazots.,7,46.023100,7.749700
Zermatt - Mountaineers' Cemetery,Zermatt,Mountaineers' Cemetery,Culture & History,Morning|Afternoon,outdoor,spring|summer|fall|winter,clear|rainy,Visit the small graveyard next to the church with the memorials to climbers lost on the Matterhorn.,4,46.021100,7.750600
Zermatt - Findeln Hamlet Restaurant Walk,Zermatt,Findeln Hamlet Restaurant Walk,Food & Drink,Morning|Afternoon,outdoor,summer|fall,clear,Short walk down from Sunnegga to the Findeln hamlet for lunch at Chez Vrony or Findlerhof.,4,46.006100,7.778300
Zermatt - Chez Vrony Mountain Lunch,Zermatt,Chez Vrony Mountain Lunch,Food & Drink,Morning|Afternoon,outdoor,spring|summer|fall|winter,clear|rainy,Iconic mountain lunch at Chez Vrony in Findeln with truffle ravioli and Matterhorn view.,4,46.006100,7.778300
Zermatt - Schnägg Fondue Cellar Evening,Zermatt,Schnägg Fondue Cellar Evening,Food & Drink,Evening,indoor,spring|summer|fall|winter,any,Tiny Walliser raccard turned fondue cellar — book ahead Schnägg or Restaurant du Pont.,4,46.019200,7.748900
Zermatt - Restaurant Whymper-Stube,Zermatt,Restaurant Whymper-Stube,Food & Drink,Evening,indoor,spring|summer|fall|winter,any,Hôtel Monte Rosa's wood-panelled restaurant where Whymper's 1865 climb plans were drawn up.,4,46.019700,7.749400
Zermatt - Hennu Stall Aprés-Ski,Zermatt,Hennu Stall Aprés-Ski,Nightlife & Entertainment,Afternoon|Evening,outdoor,winter,clear|snowy,Wild après-ski hut at the bottom of the Matterhorn run with party music and schnapps.,4,45.993900,7.744400
Zermatt - Vernissage Bar Theatre,Zermatt,Vernissage Bar Theatre,Nightlife & Entertainment,Evening,indoor,spring|summer|fall|winter,any,Atmospheric bar / gallery / cinema by architect Heinz Julen in the Backstage Hotel.,4,46.024400,7.747500
Zermatt - Cervo Bar Mountain Hut,Zermatt,Cervo Bar Mountain Hut,Nightlife & Entertainment,Evening,outdoor,spring|summer|fall|winter,clear|rainy,Elevated chalet bar at Cervo Mountain Resort just above the village with fire-pit terrace.,4,46.022800,7.757500
Zermatt - Snow Park Sky High,Zermatt,Snow Park Sky High,Adventure & Sports,Morning|Afternoon,outdoor,winter,clear|snowy,Beginner-to-intermediate freestyle snow park on the Matterhorn glacier above Trockener Steg.,4,45.938900,7.728600
Zermatt - Cervinia Italian Side Day,Zermatt,Cervinia Italian Side Day,Adventure & Sports,Morning|Afternoon|Evening,outdoor,spring|summer|fall|winter,clear|snowy,Ski lift access to Italian Breuil-Cervinia for an Italian lunch then back to Zermatt by Matterhorn glacier.,1,45.931100,7.630600
Zermatt - Riffelalp Spa & Pool,Zermatt,Riffelalp Spa & Pool,Relaxation & Wellness,Afternoon|Evening,indoor,spring|summer|fall|winter,any,"Spa with Matterhorn-view outdoor pool at the 2222 m Riffelalp Resort, accessed by cogwheel train.",4,45.996700,7.771100
Zermatt - Mont Cervin Spa,Zermatt,Mont Cervin Spa,Relaxation & Wellness,Afternoon|Evening,indoor,spring|summer|fall|winter,any,"Day pass to Hotel Mont Cervin Palace's spa with steam rooms, pool, and brine baths.",4,46.021400,7.749700
Zermatt - Edelweiss Path Wildflower Walk,Zermatt,Edelweiss Path Wildflower Walk,Outdoor & Nature,Morning|Afternoon,outdoor,summer,clear,Easy 1-hour wildflower walk on the Edelweissweg around Riffelalp ridge above the valley.,4,45.996700,7.771100
Zermatt - Gornergrat Sunset Photo,Zermatt,Gornergrat Sunset Photo,Outdoor & Nature,Afternoon|Evening,outdoor,summer|fall,clear,Late-afternoon Gornergrat train ride to photograph the Matterhorn turning pink at sunset.,4,45.983100,7.788600
Zermatt - Helicopter Matterhorn Flight,Zermatt,Helicopter Matterhorn Flight,Adventure & Sports,Morning|Afternoon,outdoor,spring|summer|fall|winter,clear,20-minute scenic helicopter flight around the Matterhorn with Air Zermatt from the heliport.,4,46.030300,7.753100
Zermatt - Ice Climbing Furi Frozen Falls,Zermatt,Ice Climbing Furi Frozen Falls,Adventure & Sports,Morning|Afternoon,outdoor,winter,clear|snowy,Guided beginner ice climbing on frozen waterfalls around Furi with Alpin Center school.,4,45.993900,7.744400
Zermatt - Stafel Snowshoe Trail,Zermatt,Stafel Snowshoe Trail,Adventure & Sports,Morning|Afternoon,outdoor,winter,clear|snowy,Marked snowshoe loop above Furi through forested slopes with sweeping Matterhorn views.,4,45.990800,7.740600
Zermatt - Zmutt Hamlet Walk,Zermatt,Zmutt Hamlet Walk,Outdoor & Nature,Morning|Afternoon,outdoor,summer|fall,clear,Easy 1-hour valley walk from Zermatt to the dark-wood hamlet of Zmutt for raclette lunch.,4,45.991900,7.711700
Zermatt - Theodul Pass Glacier Ski,Zermatt,Theodul Pass Glacier Ski,Adventure & Sports,Morning|Afternoon|Evening,outdoor,spring|summer|fall|winter,clear|snowy,"Year-round glacier skiing/snowboarding at 3300 m on Theodul Glacier, even in summer mornings.",1,45.933300,7.733300
Montreux - Quai des Fleurs Lakeshore,Montreux,Quai des Fleurs Lakeshore,Outdoor & Nature,Morning|Afternoon,outdoor,spring|summer|fall,clear|rainy,Stroll the 6 km flower promenade from Montreux to Vevey past Freddie Mercury statue and palms.,7,46.431700,6.911700
Montreux - Freddie Mercury Statue Photo,Montreux,Freddie Mercury Statue Photo,Culture & History,Morning|Afternoon,outdoor,spring|summer|fall|winter,clear|rainy,Pose with the bronze statue of Queen's frontman on the Quai du Casino facing the lake.,7,46.431900,6.911700
Montreux - Chillon Castle Tour,Montreux,Chillon Castle Tour,Culture & History,Morning|Afternoon,indoor,spring|summer|fall|winter,any,"Switzerland's most visited castle, a 13th-century lakeshore stronghold east of Montreux.",7,46.413600,6.927500
Montreux - Chillon to Veytaux Walk,Montreux,Chillon to Veytaux Walk,Outdoor & Nature,Morning|Afternoon,outdoor,spring|summer|fall,clear|rainy,1.5 km lakeshore promenade from Montreux to Chillon Castle past the Saint-Pierre chapel.,4,46.422500,6.919700
Montreux - Rochers-de-Naye Cogwheel,Montreux,Rochers-de-Naye Cogwheel,Outdoor & Nature,Morning|Afternoon|Evening,outdoor,summer|fall,clear,"Cogwheel train from Montreux up to 2042 m summit with alpine garden, marmot park, and lake view.",1,46.431400,6.975600
Montreux - Marmot Paradise Naye,Montreux,Marmot Paradise Naye,Outdoor & Nature,Morning|Afternoon,outdoor,summer,clear,See 14 marmot species in semi-natural enclosures at the Rochers-de-Naye summit park.,4,46.431400,6.975600
Montreux - Glion Funicular Ride,Montreux,Glion Funicular Ride,Outdoor & Nature,Morning|Afternoon,outdoor,spring|summer|fall,clear|rainy,Hop on the steep 1909 funicular from Montreux to the hillside hamlet of Glion above the lake.,4,46.434400,6.912800
Montreux - Montreux Jazz Festival Evening,Montreux,Montreux Jazz Festival Evening,Culture & History,Evening,indoor,summer,any,Two-week July festival with paid headliners and free Lake Stage concerts at Stravinski Auditorium.,1,46.431900,6.911700
Montreux - Stravinski Auditorium Concert,Montreux,Stravinski Auditorium Concert,Culture & History,Evening,indoor,spring|summer|fall|winter,any,Off-festival concerts and classical recitals at the lakeside Stravinski Hall throughout the year.,4,46.431900,6.911700
Montreux - Place du Marché Saturday Bazaar,Montreux,Place du Marché Saturday Bazaar,Food & Drink,Morning,outdoor,spring|summer|fall,clear|rainy,"Saturday-morning farmers market on Place du Marché with Vaud cheeses, salame, and pastries.",4,46.436100,6.911700
Montreux - Lavaux Express Tourist Train,Montreux,Lavaux Express Tourist Train,Food & Drink,Morning|Afternoon,outdoor,spring|summer|fall,clear,Small open-air tourist train winding through the Lavaux vineyards from Montreux to Lutry villages.,4,46.431900,6.911700
Montreux - Hauteville Castle Park Walk,Montreux,Hauteville Castle Park Walk,Culture & History,Morning|Afternoon,outdoor,spring|summer|fall,clear|rainy,Stroll the public park around 18th-century Hauteville Château above Chillon with vineyard rows.,4,46.425800,6.913100
Montreux - Caux-Palace Belle Époque Bar,Montreux,Caux-Palace Belle Époque Bar,Food & Drink,Afternoon|Evening,indoor,spring|summer|fall|winter,any,Cocktail at the Belle Époque Bar of the historic Caux Palace hotel high above Montreux.,4,46.429700,6.948900
Montreux - Restaurant Le Pont de Brent,Montreux,Restaurant Le Pont de Brent,Food & Drink,Evening,indoor,spring|summer|fall|winter,any,Two-star Michelin restaurant in the wine village of Brent above Montreux with creative Vaud cuisine.,4,46.445600,6.898300
Montreux - Montreux Riviera Wine Bar,Montreux,Montreux Riviera Wine Bar,Food & Drink,Evening,indoor,spring|summer|fall|winter,any,Wine bar Domaine Bovy in Chexbres specialising in Lavaux Chasselas with platters of local cheese.,4,46.481100,6.780000
Montreux - Funny Farm Café Lake,Montreux,Funny Farm Café Lake,Food & Drink,Afternoon|Evening,outdoor,spring|summer,clear,"Casual lakefront café Funny Farm with cocktails, brunch, and DJs on summer evenings.",4,46.432200,6.913100
Montreux - Montreux Christmas Market,Montreux,Montreux Christmas Market,Food & Drink,Afternoon|Evening,outdoor,winter,any,"Massive lakeside Marché de Noël with 160 chalets, Père Noël train, and flying-sleigh ride.",1,46.431900,6.911700
Montreux - Mob Riviera Boat Cruise,Montreux,Mob Riviera Boat Cruise,Outdoor & Nature,Afternoon|Evening,outdoor,spring|summer,clear,Belle-époque CGN paddle steamer from Montreux to Lausanne and back at golden hour.,1,46.432200,6.913100
Montreux - Caux Bains Public Pool,Montreux,Caux Bains Public Pool,Relaxation & Wellness,Morning|Afternoon,outdoor,summer,clear,Free public swimming pool with grass terrace at Caux 1000 m above Montreux town.,4,46.429700,6.948900
Montreux - Naye Train Romantic Suite,Montreux,Naye Train Romantic Suite,Relaxation & Wellness,Evening,indoor,summer|fall,clear|rainy,Sleep in one of the Mongolian-style yurts at Rochers-de-Naye summit on a fine summer night.,1,46.431400,6.975600
Montreux - Montreux Riviera Spa MGM,Montreux,Montreux Riviera Spa MGM,Relaxation & Wellness,Afternoon|Evening,indoor,spring|summer|fall|winter,any,Day pass at Montreux Music & Convention Centre spa with brine pool and panoramic lake view.,4,46.431900,6.911700
Montreux - Vevey Charlie Chaplin's World,Montreux,Vevey Charlie Chaplin's World,Culture & History,Morning|Afternoon|Evening,indoor,spring|summer|fall|winter,any,Tour Chaplin's actual home plus a multimedia studio recreating his films in Corsier-sur-Vevey.,1,46.479400,6.836400
Montreux - Vevey Alimentarium Food Museum,Montreux,Vevey Alimentarium Food Museum,Culture & History,Morning|Afternoon,indoor,spring|summer|fall|winter,any,Nestlé's interactive food and nutrition museum on the Vevey lakefront with cooking workshops.,7,46.462800,6.845600
Montreux - Vevey Fork Statue Photo,Montreux,Vevey Fork Statue Photo,Culture & History,Morning|Afternoon,outdoor,spring|summer|fall|winter,clear|rainy,Photo with the 8-m giant fork sticking out of Lake Geneva in front of the Alimentarium museum.,4,46.462800,6.845600
Montreux - Saint-Saphorin Wine Cellar,Montreux,Saint-Saphorin Wine Cellar,Food & Drink,Afternoon|Evening,indoor,spring|summer|fall|winter,any,Visit one of Saint-Saphorin's family wineries for a Dézaley Grand Cru tasting flight.,1,46.484700,6.783600
Montreux - Lutry Lakeshore Cycle,Montreux,Lutry Lakeshore Cycle,Adventure & Sports,Morning|Afternoon,outdoor,spring|summer|fall,clear,20 km lakeshore cycle from Montreux to Lutry following the flat ViaRhôna route 1.,1,46.505000,6.685000
Montreux - Yoga Riviera Sunset Class,Montreux,Yoga Riviera Sunset Class,Relaxation & Wellness,Afternoon|Evening,outdoor,spring|summer,clear,Sunset yoga class on Montreux's Quai des Fleurs lawn by the Tour de Caux Wednesday evenings.,4,46.431900,6.911700
Montreux - Lac Léman Sail Cruise,Montreux,Lac Léman Sail Cruise,Adventure & Sports,Morning|Afternoon,outdoor,spring|summer,clear,Half-day sailing trip on Lake Geneva with a skipper out of Vevey-La Tour marina.,4,46.458300,6.840000
Montreux - Vevey Marché Folklorique,Montreux,Vevey Marché Folklorique,Culture & History,Afternoon|Evening,outdoor,summer,clear,"Free Saturday-evening summer market on Place du Marché with wine cellars, food, and brass bands.",1,46.463100,6.844400
Montreux - Hauteville Vineyard Trail,Montreux,Hauteville Vineyard Trail,Food & Drink,Morning|Afternoon,outdoor,fall,clear,Walk the Vinorama trail through Lavaux vineyard tiers from Rivaz to Saint-Saphorin.,1,46.478900,6.790600
Lugano - Piazza della Riforma Walk,Lugano,Piazza della Riforma Walk,Culture & History,Morning|Afternoon,outdoor,spring|summer|fall,clear|rainy,Italianate main square ringed with cafés in front of the colourful Palazzo Civico town hall.,7,46.005000,8.952200
Lugano - Parco Ciani Lakeshore Park,Lugano,Parco Ciani Lakeshore Park,Outdoor & Nature,Morning|Afternoon,outdoor,spring|summer|fall,clear,"Botanic-style park at Lugano's lakefront with magnolias, ginkgos, and Villa Ciani museum.",7,46.003600,8.954200
Lugano - Monte Brè Funicular & Hike,Lugano,Monte Brè Funicular & Hike,Outdoor & Nature,Morning|Afternoon,outdoor,spring|summer|fall,clear,"Funicular from Cassarate up to 933 m Monte Brè, Switzerland's sunniest spot with lake view.",4,46.014400,8.980300
Lugano - Monte San Salvatore Funicular,Lugano,Monte San Salvatore Funicular,Outdoor & Nature,Morning|Afternoon,outdoor,spring|summer|fall,clear,Steep funicular to the 912 m 'Sugar Loaf' summit with church and 360° lake panorama.,4,45.991400,8.948600
Lugano - Monte Generoso Train,Lugano,Monte Generoso Train,Outdoor & Nature,Morning|Afternoon|Evening,outdoor,summer|fall,clear,Cogwheel train from Capolago up to 1704 m Mario Botta 'Fiore di Pietra' summit with Italian view.,1,45.930000,9.018600
Lugano - LAC Lugano Arte e Cultura,Lugano,LAC Lugano Arte e Cultura,Culture & History,Morning|Afternoon,indoor,spring|summer|fall|winter,any,"Lakefront contemporary culture centre with Botta-designed gallery, concert hall, and rooftop café.",7,46.002800,8.954400
Lugano - Cattedrale San Lorenzo,Lugano,Cattedrale San Lorenzo,Culture & History,Morning|Afternoon,indoor,spring|summer|fall|winter,any,Lugano's Renaissance cathedral with elaborately carved façade above the train station.,7,46.007200,8.947200
Lugano - Santa Maria degli Angioli Fresco,Lugano,Santa Maria degli Angioli Fresco,Culture & History,Morning|Afternoon,indoor,spring|summer|fall|winter,any,Bernardino Luini's 1529 Passion of Christ fresco fills the entire wall of this lakeside church.,7,46.003300,8.948900
Lugano - Hermann Hesse Museum Montagnola,Lugano,Hermann Hesse Museum Montagnola,Culture & History,Morning|Afternoon,indoor,spring|summer|fall|winter,any,Visit the small museum in Camuzzi villa where Nobel laureate Hesse lived for 43 years.,4,46.001700,8.907500
Lugano - Bissone Lakeside Painted Houses,Lugano,Bissone Lakeside Painted Houses,Culture & History,Morning|Afternoon,outdoor,spring|summer|fall,clear|rainy,Cross the bridge to Bissone village with painted-stucco façades and a Tessin promenade.,4,45.971900,8.976400
Lugano - Morcote Lakeside Walk,Lugano,Morcote Lakeside Walk,Outdoor & Nature,Morning|Afternoon,outdoor,spring|summer|fall,clear|rainy,"Voted Switzerland's prettiest village, Morcote has porticoes, a hilltop church, and a baroque cemetery.",4,45.927500,8.911700
Lugano - Parco Scherrer Botanical,Lugano,Parco Scherrer Botanical,Outdoor & Nature,Morning|Afternoon,outdoor,spring|summer|fall,clear|rainy,Morcote's eccentric botanical garden with Mediterranean plants and exotic stone replicas.,4,45.929200,8.911100
Lugano - Gandria Olive-Path Walk,Lugano,Gandria Olive-Path Walk,Outdoor & Nature,Morning|Afternoon,outdoor,spring|summer|fall,clear|rainy,Easy lakeside Sentiero dell'Olivo from Castagnola to fishing-village Gandria along olive groves.,4,46.015300,8.988300
Lugano - Gandria Customs Smuggler Museum,Lugano,Gandria Customs Smuggler Museum,Culture & History,Morning|Afternoon,indoor,spring|summer|fall,clear|rainy,Boat to the lakeside Swiss Customs Museum in Cantine di Gandria with smuggling history.,4,46.015600,8.998900
Lugano - Boat to Campione d'Italia,Lugano,Boat to Campione d'Italia,Outdoor & Nature,Morning|Afternoon,outdoor,spring|summer|fall,clear|rainy,Lake-ferry to the Italian exclave Campione with its casino and lakeside esplanade.,4,45.980600,8.969400
Lugano - Caprino Lake-Beach Picnic,Lugano,Caprino Lake-Beach Picnic,Outdoor & Nature,Morning|Afternoon,outdoor,summer,clear,Take the lake bus to the cliff-base Caprino restaurant zone for a 30s-style pebble-beach swim.,4,45.991100,8.983900
Lugano - Foroba Foundry Visit,Lugano,Foroba Foundry Visit,Culture & History,Morning|Afternoon,indoor,spring|summer|fall|winter,any,Workshop visit to a small Tessin glass-bead artisan in the old town's Via Nassa shopping street.,4,46.002800,8.949200
Lugano - Grotto Bar Mediterranean Aperitivo,Lugano,Grotto Bar Mediterranean Aperitivo,Food & Drink,Afternoon|Evening,outdoor,spring|summer|fall,clear,Tessin grotto bar like Grotto della Salute serves Merlot Ticinese and platters under chestnut shade.,4,46.015300,8.955000
Lugano - Grappa Tasting Pelican Bar,Lugano,Grappa Tasting Pelican Bar,Food & Drink,Evening,indoor,spring|summer|fall|winter,any,Sip a flight of Ticino grappas at the historic Bar al Pelican in the old town.,4,46.005000,8.952200
Lugano - Mercato del Sabato Lugano,Lugano,Mercato del Sabato Lugano,Food & Drink,Morning,outdoor,spring|summer|fall,clear|rainy,Saturday-morning food and crafts market on Via Canova with Ticino farmer specialities.,4,46.004200,8.953600
Lugano - Foxtown Outlet Mall Mendrisio,Lugano,Foxtown Outlet Mall Mendrisio,Culture & History,Morning|Afternoon,indoor,spring|summer|fall|winter,any,20-min train south to the giant Foxtown Outlet near Mendrisio with 160 designer brands.,1,45.879400,8.981700
Lugano - Brusino Cable Car Forest,Lugano,Brusino Cable Car Forest,Outdoor & Nature,Morning|Afternoon,outdoor,spring|summer|fall,clear,"Cable car from Brusino Arsizio up to Serpiano viewpoint, with UNESCO Monte San Giorgio nearby.",4,45.924400,8.934700
Lugano - Monte San Giorgio Fossils,Lugano,Monte San Giorgio Fossils,Culture & History,Morning|Afternoon,indoor,spring|summer|fall|winter,any,Visit the Meride fossil museum on UNESCO Monte San Giorgio displaying 240-million-year-old marine reptiles.,1,45.885600,8.948300
Lugano - Splash & Spa Tamaro Day,Lugano,Splash & Spa Tamaro Day,Relaxation & Wellness,Morning|Afternoon|Evening,indoor,spring|summer|fall|winter,any,"Water-park, slides, and adult spa at Splash e Spa Tamaro in Rivera, 25 min north of Lugano.",1,46.178100,8.923900
Lugano - Monte Tamaro Adventure Park,Lugano,Monte Tamaro Adventure Park,Adventure & Sports,Morning|Afternoon,outdoor,summer|fall,clear,Cable car to Monte Tamaro with Switzerland's longest zip-line and a Botta-designed mountain chapel.,4,46.178100,8.910600
Lugano - Lugano Wakeboarding Lake,Lugano,Lugano Wakeboarding Lake,Adventure & Sports,Morning|Afternoon,outdoor,summer,clear,Wakeboard sessions on Lake Lugano with Skidive in Caprino bay during summer afternoons.,4,45.991100,8.983900
Lugano - Lugano Half-Marathon Run,Lugano,Lugano Half-Marathon Run,Adventure & Sports,Morning,outdoor,spring,clear|rainy,March half-marathon along the lake from Lugano to Melide and Morcote — flat and scenic.,1,46.004400,8.952500
Lugano - Vetta Sunset Aperitif,Lugano,Vetta Sunset Aperitif,Food & Drink,Afternoon|Evening,outdoor,spring|summer,clear,Vetta restaurant at Monte San Salvatore summit serves Tessin tapas on a panoramic terrace.,4,45.991100,8.948900
Lugano - Sentiero della Storia Brè,Lugano,Sentiero della Storia Brè,Culture & History,Morning|Afternoon,outdoor,spring|summer|fall,clear|rainy,"Walk Brè village's art trail with murals by Wim Delvoye, Pascal Murer, and Renée Müller.",4,46.015000,8.980300
Lugano - Lugano Streetfood Festival,Lugano,Lugano Streetfood Festival,Food & Drink,Morning|Afternoon|Evening,outdoor,spring|summer,clear,Annual July food trucks festival along Quai Riva Vela with Ticinese and international cuisines.,1,46.004400,8.953600
Locarno - Piazza Grande Walk,Locarno,Piazza Grande Walk,Culture & History,Morning|Afternoon,outdoor,spring|summer|fall,clear|rainy,"Stroll Locarno's vast arcaded main square, home of the August Film Festival and Saturday market.",7,46.170000,8.799700
Locarno - Madonna del Sasso Pilgrimage,Locarno,Madonna del Sasso Pilgrimage,Culture & History,Morning|Afternoon,outdoor,spring|summer|fall,clear|rainy,Funicular up to the 15th-century sanctuary perched on a cliff with frescoes and lake views.,7,46.175800,8.788900
Locarno - Cardada Cimetta Cable Car,Locarno,Cardada Cimetta Cable Car,Outdoor & Nature,Morning|Afternoon,outdoor,summer|fall,clear,Cable car and chairlift from Orselina to 1670 m Cimetta with sweeping Lago Maggiore panorama.,4,46.190800,8.775800
Locarno - Visconti Castle Museum,Locarno,Visconti Castle Museum,Culture & History,Morning|Afternoon,indoor,spring|summer|fall|winter,any,Renaissance castle in Locarno old town with archaeology museum and Madonna delle Grazie frescoes.,7,46.167500,8.796700
Locarno - Falconeria Bird Show,Locarno,Falconeria Bird Show,Culture & History,Morning|Afternoon,outdoor,spring|summer|fall,clear|rainy,"Falconry flight demonstrations with eagles, vultures, and owls in a riverside open arena.",4,46.164400,8.820800
Locarno - Verzasca Valley Day Trip,Locarno,Verzasca Valley Day Trip,Outdoor & Nature,Morning|Afternoon|Evening,outdoor,summer|fall,clear,"Drive up the Verzasca Valley with green rivers, stone hamlets, and the famous Ponte dei Salti.",1,46.269700,8.844700
Locarno - Ponte dei Salti Lavertezzo,Locarno,Ponte dei Salti Lavertezzo,Outdoor & Nature,Morning|Afternoon,outdoor,spring|summer|fall,clear,Cross the iconic medieval double-arch stone bridge over the emerald Verzasca river at Lavertezzo.,4,46.262200,8.833300
Locarno - Verzasca River Swim,Locarno,Verzasca River Swim,Adventure & Sports,Morning|Afternoon,outdoor,summer,clear,Swim or cliff-jump from natural rock pools in the crystal-clear Verzasca river at Lavertezzo.,4,46.262200,8.833300
Locarno - Valle Maggia Day Drive,Locarno,Valle Maggia Day Drive,Outdoor & Nature,Morning|Afternoon|Evening,outdoor,spring|summer|fall,clear|rainy,Drive through Maggia Valley to Bavona's car-free hamlets and the Foroglio waterfall.,1,46.245300,8.705000
Locarno - Foroglio Waterfall Walk,Locarno,Foroglio Waterfall Walk,Outdoor & Nature,Morning|Afternoon,outdoor,spring|summer|fall,clear|rainy,5-min walk to the 80 m Foroglio waterfall plunging beside a tiny stone-roofed Bavona hamlet.,4,46.368300,8.547800
Locarno - Ascona Lakefront Stroll,Locarno,Ascona Lakefront Stroll,Outdoor & Nature,Morning|Afternoon,outdoor,spring|summer|fall,clear|rainy,Stroll Switzerland's lowest village Ascona along its pastel-coloured lake promenade.,4,46.155600,8.771400
Locarno - Monte Verità Anarchist Hill,Locarno,Monte Verità Anarchist Hill,Culture & History,Morning|Afternoon,indoor,spring|summer|fall|winter,any,Visit the early-20th-century vegetarian commune museum above Ascona with Bauhaus garden.,4,46.159700,8.756900
Locarno - Brissago Islands Botanical,Locarno,Brissago Islands Botanical,Outdoor & Nature,Morning|Afternoon,outdoor,spring|summer|fall,clear,Lake boat to Isole di Brissago for the Mediterranean botanical garden on Switzerland's only sub-tropical island.,1,46.124700,8.735000
Locarno - Locarno Film Festival Piazza,Locarno,Locarno Film Festival Piazza,Culture & History,Evening,outdoor,summer,any,"August festival with free 8000-seat open-air cinema on Piazza Grande, oldest film festival in Switzerland.",1,46.170000,8.799700
Locarno - Grotto Broggini Mediterranean,Locarno,Grotto Broggini Mediterranean,Food & Drink,Afternoon|Evening,outdoor,spring|summer|fall,clear,Traditional grotto-restaurant in Tegna with shaded chestnut garden and homemade polenta.,4,46.193900,8.739200
Locarno - Vino & Polenta Grotto Crana,Locarno,Vino & Polenta Grotto Crana,Food & Drink,Evening,indoor,spring|summer|fall|winter,any,Authentic Maggia Valley grotto in Aurigeno serving Tessin polenta with brasato and Merlot.,4,46.230800,8.682200
Locarno - Ascona Mercato Saturday,Locarno,Ascona Mercato Saturday,Food & Drink,Morning,outdoor,spring|summer|fall,clear|rainy,"Saturday morning artisan market on Ascona's lakeshore with Tessin cheeses, olives, and salame.",4,46.155600,8.771400
Locarno - Casino Locarno Evening,Locarno,Casino Locarno Evening,Nightlife & Entertainment,Evening,indoor,spring|summer|fall|winter,any,Try your luck at Casino Locarno's elegant gaming halls and lakefront restaurant.,4,46.168100,8.798900
Locarno - Beach Sunset Locarno Lido,Locarno,Beach Sunset Locarno Lido,Nightlife & Entertainment,Afternoon|Evening,outdoor,spring|summer,clear,Sundown drinks at Lido Locarno's lakeside terrace bar with DJs all summer.,4,46.167200,8.804200
Locarno - Termali Salini Spa & Bath,Locarno,Termali Salini Spa & Bath,Relaxation & Wellness,Afternoon|Evening,indoor,spring|summer|fall|winter,any,"Lakeside thermal saltwater spa at Lido Locarno with brine pools, saunas, and outdoor view.",4,46.167200,8.804200
Locarno - Madonna del Sasso Sunrise Walk,Locarno,Madonna del Sasso Sunrise Walk,Relaxation & Wellness,Morning,outdoor,spring|summer|fall,clear,Walk up the via Crucis stations from Locarno to Madonna del Sasso at dawn for golden lake light.,4,46.175800,8.788900
Locarno - Cardada Crystal Belvedere,Locarno,Cardada Crystal Belvedere,Outdoor & Nature,Morning|Afternoon,outdoor,summer|fall,clear,Mario Botta-designed steel walkway jutting from Cardada ridge with both highest and lowest Swiss points in view.,4,46.190800,8.775800
Locarno - Bosco Gurin Walser Village,Locarno,Bosco Gurin Walser Village,Culture & History,Morning|Afternoon,outdoor,spring|summer|fall,clear|rainy,"Ticino's highest village Bosco Gurin, a German-speaking Walser settlement at 1500 m altitude.",1,46.313300,8.488900
Locarno - Vogorno Pyramid Bridge Walk,Locarno,Vogorno Pyramid Bridge Walk,Outdoor & Nature,Morning|Afternoon,outdoor,summer|fall,clear,"Cross the Tibetan-style Carasc suspension bridge near Sementina, 130 m long and 130 m high.",4,46.201700,9.016700
Locarno - Maggia River Canyoning,Locarno,Maggia River Canyoning,Adventure & Sports,Morning|Afternoon,outdoor,summer,clear,Beginner-friendly canyoning trips down the Maggia river with Outdoor Pursuits team.,4,46.245300,8.705000
Locarno - Stand-Up Paddle Ascona,Locarno,Stand-Up Paddle Ascona,Adventure & Sports,Morning|Afternoon,outdoor,spring|summer,clear,SUP rental on Ascona's lakefront with sunset paddles along the bay to Brissago Islands.,4,46.155600,8.771400
Locarno - Centovalli Scenic Train,Locarno,Centovalli Scenic Train,Outdoor & Nature,Morning|Afternoon|Evening,outdoor,spring|summer|fall,clear|rainy,Two-hour scenic train through the Centovalli ravine from Locarno to Domodossola in Italy.,1,46.176900,8.786900
St. Moritz - Lake St. Moritz Walk,St. Moritz,Lake St. Moritz Walk,Outdoor & Nature,Morning|Afternoon,outdoor,spring|summer|fall,clear|rainy,Easy 7 km loop on the flat lakeshore path around frozen winter or alpine-summer Lej da San Murezzan.,7,46.495600,9.840800
St. Moritz - Segantini Museum Visit,St. Moritz,Segantini Museum Visit,Culture & History,Morning|Afternoon,indoor,spring|summer|fall|winter,any,See the divisionist mountain paintings of Giovanni Segantini in the cupola museum built for him.,7,46.496900,9.836900
St. Moritz - Engadiner Museum Heritage,St. Moritz,Engadiner Museum Heritage,Culture & History,Morning|Afternoon,indoor,spring|summer|fall|winter,any,Original sgraffito-decorated Engadine rooms and traditional furniture in Bad's local-history museum.,4,46.496900,9.836900
St. Moritz - Mauritius Spring Source,St. Moritz,Mauritius Spring Source,Culture & History,Morning|Afternoon,indoor,spring|summer|fall|winter,any,Free historic site of the 3000-year-old healing spring beside the Forum Paracelsus museum.,4,46.500600,9.843100
St. Moritz - Muottas Muragl Funicular,St. Moritz,Muottas Muragl Funicular,Outdoor & Nature,Morning|Afternoon,outdoor,summer|fall,clear,Funicular from Punt Muragl up to a panorama balcony with the most photographed view of Upper Engadine.,4,46.511700,9.929200
St. Moritz - Diavolezza Cable Car & Hut,St. Moritz,Diavolezza Cable Car & Hut,Outdoor & Nature,Morning|Afternoon|Evening,outdoor,spring|summer|fall|winter,clear|snowy,Cable car to 2978 m Diavolezza for glacier views of Piz Bernina and a meal at the panoramic hut.,1,46.410800,9.969700
St. Moritz - Morteratsch Glacier Walk,St. Moritz,Morteratsch Glacier Walk,Outdoor & Nature,Morning|Afternoon,outdoor,summer|fall,clear,Easy walk from Morteratsch train station to the glacier tongue with retreat markers along the way.,4,46.425600,9.943300
St. Moritz - Corviglia Lift Sunrise,St. Moritz,Corviglia Lift Sunrise,Outdoor & Nature,Morning,outdoor,summer|fall,clear,Take the very first Chantarella-Corviglia funicular at sunrise for a misty alpine awakening.,4,46.508100,9.836700
St. Moritz - Cresta Run Toboggan,St. Moritz,Cresta Run Toboggan,Adventure & Sports,Morning,outdoor,winter,clear|snowy,"Watch the legendary 1.2 km natural-ice toboggan run, men-only spectator entry along Cresta corner.",4,46.508300,9.841700
St. Moritz - St. Moritz Polo Snow,St. Moritz,St. Moritz Polo Snow,Adventure & Sports,Morning|Afternoon,outdoor,winter,clear|snowy,Watch the World Cup Snow Polo Tournament on the frozen lake every January with champagne tents.,1,46.495600,9.840800
St. Moritz - White Turf Horse Racing,St. Moritz,White Turf Horse Racing,Adventure & Sports,Morning|Afternoon,outdoor,winter,clear|snowy,Three Sundays in February with skikjöring and flat-racing on frozen St. Moritz lake.,1,46.495600,9.840800
St. Moritz - Olympic Bobsleigh Tour,St. Moritz,Olympic Bobsleigh Tour,Adventure & Sports,Morning|Afternoon,outdoor,winter,clear|snowy,Ride the historic 1.7 km natural-ice bobsleigh run as a tandem passenger with professional pilot.,4,46.508900,9.843900
St. Moritz - Glacier Express Train Day,St. Moritz,Glacier Express Train Day,Outdoor & Nature,Morning|Afternoon|Evening,outdoor,spring|summer|fall|winter,any,Take the world-famous Glacier Express panoramic train towards Zermatt over the Albula route.,1,46.497200,9.841700
St. Moritz - Bernina Express to Tirano,St. Moritz,Bernina Express to Tirano,Outdoor & Nature,Morning|Afternoon|Evening,outdoor,spring|summer|fall|winter,any,UNESCO scenic Bernina Express train down to Italian Tirano via the Brusio circular viaduct.,1,46.497200,9.841700
St. Moritz - Pontresina Old Village Walk,St. Moritz,Pontresina Old Village Walk,Culture & History,Morning|Afternoon,outdoor,spring|summer|fall,clear|rainy,Quieter village across the valley with sgraffito-painted houses and the Spaniola tower.,4,46.491400,9.902800
St. Moritz - Roseg Valley Horse Carriage,St. Moritz,Roseg Valley Horse Carriage,Culture & History,Morning|Afternoon,outdoor,spring|summer|fall,clear|rainy,Romantic horse-drawn carriage from Pontresina up the Roseg Valley to a lakeside hotel restaurant.,4,46.470800,9.899700
St. Moritz - Hotel Kulm Country Club,St. Moritz,Hotel Kulm Country Club,Food & Drink,Evening,indoor,spring|summer|fall|winter,any,"Cocktail at Kulm Country Club, the historic clubhouse of 19th-century English winter visitors.",4,46.498300,9.841700
St. Moritz - Badrutt's Palace Le Grand Hall,St. Moritz,Badrutt's Palace Le Grand Hall,Food & Drink,Afternoon|Evening,indoor,spring|summer|fall|winter,any,Afternoon tea or cocktails under the chandeliers in the iconic 1896 Badrutt's Palace lounge.,4,46.498900,9.840800
St. Moritz - Hauser Confiserie Engadine Cake,St. Moritz,Hauser Confiserie Engadine Cake,Food & Drink,Afternoon|Evening,indoor,spring|summer|fall|winter,any,Try the Engadine nut cake at Conditorei Hauser on Via Traunter Plazzas since 1936.,4,46.498300,9.838900
St. Moritz - Dracula Club Dance,St. Moritz,Dracula Club Dance,Nightlife & Entertainment,Evening,indoor,winter,any,Exclusive seasonal club at Hotel Kulm with star-studded January parties and gourmet dinners.,4,46.498300,9.841700
St. Moritz - King's Social House Late Bar,St. Moritz,King's Social House Late Bar,Nightlife & Entertainment,Evening,indoor,spring|summer|fall|winter,any,Trendy late-night bar at Hotel Kulm with cocktails and DJ sets during the winter season.,4,46.498300,9.841700
St. Moritz - Champfèr Restaurant Talvo,St. Moritz,Champfèr Restaurant Talvo,Food & Drink,Evening,indoor,spring|summer|fall|winter,any,Two-star Michelin restaurant Talvo by Dalsass in nearby Champfèr offers refined Engadine cuisine.,4,46.490600,9.816700
St. Moritz - OVAVERVA Indoor Pool & Spa,St. Moritz,OVAVERVA Indoor Pool & Spa,Relaxation & Wellness,Afternoon|Evening,indoor,spring|summer|fall|winter,any,"Modern public sport and spa centre with 25 m indoor pool, slides, saunas, and brine pool.",4,46.497200,9.840000
St. Moritz - Mineral Bath Samedan,St. Moritz,Mineral Bath Samedan,Relaxation & Wellness,Afternoon|Evening,indoor,spring|summer|fall|winter,any,Modern thermal baths in Samedan village in a courtyard of restored Engadine houses.,4,46.534700,9.874400
St. Moritz - Heidi-Hut Cross-Country Skiing,St. Moritz,Heidi-Hut Cross-Country Skiing,Adventure & Sports,Morning|Afternoon,outdoor,winter,clear|snowy,Engadin's flat 150 km cross-country ski network — easy from St. Moritz Bad to Pontresina forest.,1,46.496900,9.833300
St. Moritz - St. Moritz Gourmet Festival,St. Moritz,St. Moritz Gourmet Festival,Food & Drink,Evening,indoor,winter,any,January food event with Michelin chefs at five-star hotels around St. Moritz village.,1,46.497200,9.840000
St. Moritz - Olympic Stones Ice Bar,St. Moritz,Olympic Stones Ice Bar,Food & Drink,Afternoon|Evening,outdoor,winter,clear|snowy,Outdoor ice bar built every winter on the frozen lake with cocktails served in frozen glasses.,1,46.495600,9.840800
St. Moritz - Hike Piz Nair Summit,St. Moritz,Hike Piz Nair Summit,Adventure & Sports,Morning|Afternoon|Evening,outdoor,summer|fall,clear,"Cable car to Piz Nair (3056 m), then summit ridge walk for a 360° view of the Engadin lakes.",1,46.548300,9.833300
Davos - Promenade Davos Stroll,Davos,Promenade Davos Stroll,Culture & History,Morning|Afternoon,outdoor,spring|summer|fall,clear|rainy,Walk the 2.5 km Promenade from Davos Platz to Davos Dorf past art-deco hotels and cafés.,7,46.798600,9.836700
Davos - Jakobshorn Cable Car Day,Davos,Jakobshorn Cable Car Day,Outdoor & Nature,Morning|Afternoon|Evening,outdoor,summer|fall,clear,"Cable car to 2590 m Jakobshorn ridge with hiking trails, summer toboggan, and a freestyle park.",4,46.786100,9.845300
Davos - Schatzalp Funicular,Davos,Schatzalp Funicular,Outdoor & Nature,Morning|Afternoon,outdoor,spring|summer|fall|winter,clear|rainy,Historic 1899 funicular up to the Schatzalp Belle Époque hotel and alpine botanic garden.,4,46.801900,9.818100
Davos - Alpinum Schatzalp Garden,Davos,Alpinum Schatzalp Garden,Outdoor & Nature,Morning|Afternoon,outdoor,spring|summer,clear,Switzerland's highest alpine garden with 5500 plant species on the south-facing slope of Schatzalp.,4,46.801900,9.818100
Davos - Weissfluhjoch Panorama Hike,Davos,Weissfluhjoch Panorama Hike,Adventure & Sports,Morning|Afternoon|Evening,outdoor,summer|fall,clear,Cable car from Parsenn to 2693 m Weissfluhjoch then ridge hike with sweeping summer wildflowers.,1,46.825300,9.818900
Davos - Strela Pass Loop Hike,Davos,Strela Pass Loop Hike,Adventure & Sports,Morning|Afternoon|Evening,outdoor,summer|fall,clear,5 hour ridge hike from Schatzalp to Strela Pass with the Schiahorn and Tinzenhorn peaks in view.,1,46.800000,9.800000
Davos - Pischa Mountain Walk,Davos,Pischa Mountain Walk,Outdoor & Nature,Morning|Afternoon,outdoor,summer|fall,clear,Quieter Davos Pischa cable car to 2483 m for family hikes and an adventure trail.,4,46.816700,9.872200
Davos - Jenisberg Sun-Belt Walk,Davos,Jenisberg Sun-Belt Walk,Outdoor & Nature,Morning|Afternoon,outdoor,spring|summer|fall,clear|rainy,Cable car to Jenisberg high above Schiers for forest walks on the sunny south side.,4,46.900000,9.683300
Davos - Wiesner Viaduct Photo,Davos,Wiesner Viaduct Photo,Culture & History,Morning|Afternoon,outdoor,spring|summer|fall|winter,clear|rainy,Take a photo of the iconic 1909 Wiesner stone railway viaduct from the Landwasser trail below.,4,46.728300,9.753600
Davos - Sertig Sunset Viewpoint,Davos,Sertig Sunset Viewpoint,Outdoor & Nature,Afternoon|Evening,outdoor,spring|summer|fall,clear,Drive or bus up the Sertig valley to the church for one of the Alps' iconic golden-hour photos.,4,46.714200,9.847200
Davos - Davos Vaillant Arena Hockey,Davos,Davos Vaillant Arena Hockey,Nightlife & Entertainment,Evening,indoor,spring|summer|fall|winter,any,Watch HC Davos play a Swiss National League game in one of the country's most atmospheric arenas.,1,46.797200,9.828100
Davos - Spengler Cup Ice Hockey,Davos,Spengler Cup Ice Hockey,Nightlife & Entertainment,Evening,indoor,winter,any,"Christmas week international ice-hockey tournament at Vaillant Arena, world's oldest invitational event.",1,46.797200,9.828100
Davos - Hotel Schatzalp Library Aperitif,Davos,Hotel Schatzalp Library Aperitif,Food & Drink,Afternoon|Evening,indoor,spring|summer|fall|winter,any,Cocktail in Thomas Mann's Magic Mountain library at the historic Schatzalp Belle Époque hotel.,4,46.801900,9.818100
Davos - Berghaus Schatzalp Snow,Davos,Berghaus Schatzalp Snow,Food & Drink,Morning|Afternoon,outdoor,winter,clear|snowy,Lunch on the panoramic Schatzalp restaurant terrace with deckchairs and Glühwein.,4,46.801900,9.818100
Davos - Davos Cheesery Visit Sertig,Davos,Davos Cheesery Visit Sertig,Food & Drink,Morning|Afternoon,indoor,spring|summer|fall|winter,any,Tour the Sertig alpine cheese dairy in summer where Davos mountain cheese is made daily.,4,46.714200,9.847200
Davos - Sledding Schatzalp Run,Davos,Sledding Schatzalp Run,Adventure & Sports,Morning|Afternoon,outdoor,winter,clear|snowy,"2.5 km classic toboggan run from Schatzalp back down to the valley, easy for families.",4,46.801900,9.818100
Davos - Davos Snow Tubing Schatzalp,Davos,Davos Snow Tubing Schatzalp,Adventure & Sports,Morning|Afternoon,outdoor,winter,clear|snowy,Snow tubing course at the Schatzalp summit station with fun runs for kids and adults.,4,46.801900,9.818100
Davos - Davos Klosters Mountain Bike Tour,Davos,Davos Klosters Mountain Bike Tour,Adventure & Sports,Morning|Afternoon,outdoor,summer|fall,clear,Guided e-bike tours from Davos up the Flüela Pass valley or down to Klosters with local guides.,4,46.798600,9.836700
Davos - Snow Kiting Lake Davos,Davos,Snow Kiting Lake Davos,Adventure & Sports,Morning|Afternoon,outdoor,winter,clear|snowy,Beginner snow-kite lessons on frozen Davosersee with the Davos Klosters Adventure school.,4,46.809200,9.856900
Davos - Davos Schatzalp Tree Top Walk,Davos,Davos Schatzalp Tree Top Walk,Adventure & Sports,Morning|Afternoon,outdoor,summer|fall,clear|rainy,"Walk a wooden treetop pathway in Schatzalp's protected forest, beginner-friendly with viewing platforms.",4,46.801900,9.818100
Davos - Hotel Belvédère Spa,Davos,Hotel Belvédère Spa,Relaxation & Wellness,Afternoon|Evening,indoor,spring|summer|fall|winter,any,"Day pass to the spa at historic Hotel Belvédère with indoor pool, hammam, and saunas.",4,46.797200,9.829400
Davos - Eau-là-là Sport Centre,Davos,Eau-là-là Sport Centre,Relaxation & Wellness,Afternoon|Evening,indoor,spring|summer|fall|winter,any,"Public sports and water centre with pool, slide, saunas, and brine bath in Davos Platz.",4,46.798900,9.829400
Davos - Davos Christmas Market,Davos,Davos Christmas Market,Food & Drink,Afternoon|Evening,outdoor,winter,any,"Cosy Christmas market on the Promenade with fondue stands, mulled wine, and craft stalls.",1,46.798600,9.836700
Davos - Klosters Sledge Madrisa Run,Davos,Klosters Sledge Madrisa Run,Adventure & Sports,Morning|Afternoon,outdoor,winter,clear|snowy,"Long sledge run from Saaseralp down to Klosters Dorf through winter forest, fully marked.",4,46.874200,9.891900
Davos - Wolfgang Lake Picnic,Davos,Wolfgang Lake Picnic,Outdoor & Nature,Morning|Afternoon,outdoor,summer,clear,Quiet alpine lake between Davos and Klosters with a small public swimming area and trail loop.,4,46.833300,9.850000
Davos - Davos Concert Hall Evening,Davos,Davos Concert Hall Evening,Nightlife & Entertainment,Evening,indoor,spring|summer|fall|winter,any,Catch a recital or chamber concert at Davos Congress Centre during the Young Artists Festival.,4,46.798900,9.833100
Davos - Stilli Vineyard Cycle,Davos,Stilli Vineyard Cycle,Adventure & Sports,Morning|Afternoon,outdoor,summer|fall,clear,30 km cycle from Klosters down the Prättigau valley past Stilli wine terraces and to Landquart.,1,46.874200,9.891900
Davos - Davos Pferdeschlitten Sleigh,Davos,Davos Pferdeschlitten Sleigh,Culture & History,Afternoon|Evening,outdoor,winter,clear|snowy,Horse-drawn sleigh through Davos forest along the Wolfgang trail with blankets and hot tea.,4,46.798600,9.836700
Chur - Obertor Old Gate Photo,Chur,Obertor Old Gate Photo,Culture & History,Morning|Afternoon,outdoor,spring|summer|fall|winter,clear|rainy,"Walk through the 13th-century Obertor city gate, the entry to Chur's medieval old town.",7,46.855000,9.532800
Chur - Martinsplatz & St. Martin Church,Chur,Martinsplatz & St. Martin Church,Culture & History,Morning|Afternoon,outdoor,spring|summer|fall|winter,clear|rainy,Photogenic square with the 15th-century church and Augustinian guild houses in painted pastels.,7,46.851400,9.531400
Chur - Arcas Square Café,Chur,Arcas Square Café,Food & Drink,Morning|Afternoon,outdoor,spring|summer|fall,clear|rainy,"Coffee on Arcas, Chur's most charming small square with cafés and fountains in the heart of old town.",7,46.851900,9.533300
Chur - Bündner Naturhistorische Museum,Chur,Bündner Naturhistorische Museum,Culture & History,Morning|Afternoon,indoor,spring|summer|fall|winter,any,"Natural history museum showcasing Graubünden's alpine geology, dinosaurs, and ibex displays.",7,46.851100,9.534700
Chur - Postauto Yellow Bus Pass,Chur,Postauto Yellow Bus Pass,Outdoor & Nature,Morning|Afternoon|Evening,outdoor,spring|summer|fall,clear|rainy,Take a day pass on the yellow PostAuto bus over the Lukmanier or San Bernardino pass scenic loops.,1,46.853100,9.529400
Chur - Vereina Tunnel Car Train,Chur,Vereina Tunnel Car Train,Culture & History,Morning|Afternoon,indoor,spring|summer|fall|winter,any,Drive your car onto the world's longest narrow-gauge rail tunnel between Klosters and Sagliains.,1,46.874200,9.891900
Chur - Heidiland Maienfeld Day Trip,Chur,Heidiland Maienfeld Day Trip,Culture & History,Morning|Afternoon,outdoor,spring|summer|fall,clear|rainy,Visit Heidi's village in Maienfeld with Heidi museum and original Johanna Spyri walking paths.,1,46.998100,9.533300
Chur - Bündner Herrschaft Wine Cellars,Chur,Bündner Herrschaft Wine Cellars,Food & Drink,Afternoon|Evening,indoor,spring|summer|fall|winter,any,Wine cellar visit in Jenins or Maienfeld for Pinot Noir tastings in Switzerland's premier wine region.,1,46.998100,9.533300
Chur - Calanda Bräu Brewery Tour,Chur,Calanda Bräu Brewery Tour,Food & Drink,Morning|Afternoon,indoor,spring|summer|fall|winter,any,Tour of the Calanda brewery in Chur with tastings of unpasteurised draft beers fresh from the tank.,4,46.861700,9.530600
Chur - Three Forest Domleschg Walk,Chur,Three Forest Domleschg Walk,Outdoor & Nature,Morning|Afternoon,outdoor,summer|fall,clear,Mature-chestnut forest trail through the Domleschg valley below Chur with castle ruins.,4,46.783300,9.450000
Chur - Tomilshorn Sunset Walk,Chur,Tomilshorn Sunset Walk,Outdoor & Nature,Afternoon|Evening,outdoor,summer|fall,clear,Cable car to Brambrüesch then short walk to Tomülshorn viewpoint for sundown over the Rhine valley.,4,46.838900,9.490600
Chur - Stadttheater Chur Show,Chur,Stadttheater Chur Show,Nightlife & Entertainment,Evening,indoor,spring|summer|fall|winter,any,Catch a German-language play or contemporary dance evening at Chur Stadttheater on Hartmannstrasse.,4,46.852800,9.530600
Chur - Schloss Marschlins Day Visit,Chur,Schloss Marschlins Day Visit,Culture & History,Morning|Afternoon,outdoor,spring|summer|fall,clear|rainy,Visit the romantic 13th-century Schloss Marschlins surrounded by Bündner Herrschaft vineyards.,1,46.946900,9.572200
Chur - Sennerei Andeer Cheese Visit,Chur,Sennerei Andeer Cheese Visit,Food & Drink,Morning|Afternoon,indoor,spring|summer|fall|winter,any,Award-winning organic cheese dairy in Andeer making world-class Andeerer Schmuggler raw-milk cheese.,1,46.607200,9.425600
Chur - Old Pharmacy Apoteca Visit,Chur,Old Pharmacy Apoteca Visit,Culture & History,Morning|Afternoon,indoor,spring|summer|fall|winter,any,"Visit Switzerland's oldest pharmacy 'Apotheke Cordin' in Chur old town, founded in 1610.",4,46.851900,9.532800
Chur - Calanda Eisbahn Ice Skating,Chur,Calanda Eisbahn Ice Skating,Adventure & Sports,Afternoon|Evening,outdoor,winter,any,Public open-air ice rink behind the Sportzentrum Obere Au in winter season.,4,46.851400,9.544400
Chur - Sportzentrum Obere Au Pool,Chur,Sportzentrum Obere Au Pool,Relaxation & Wellness,Afternoon|Evening,indoor,spring|summer|fall|winter,any,"Modern public sports complex with 50 m pool, hammam, and outdoor saunas in Chur south.",4,46.846700,9.550000
Chur - Pizolbahn Mountain Day,Chur,Pizolbahn Mountain Day,Adventure & Sports,Morning|Afternoon|Evening,outdoor,summer|fall,clear,From Bad Ragaz take the cable car up to the Pizol with 5 lake hike and panorama hut lunch.,1,46.998600,9.503100
Chur - Tamina Gorge Bad Ragaz,Chur,Tamina Gorge Bad Ragaz,Outdoor & Nature,Morning|Afternoon,outdoor,spring|summer|fall,clear|rainy,Walk into the dramatic Tamina Gorge to the original 1242 thermal source above Bad Ragaz.,1,46.998300,9.514700
Chur - Bad Ragaz Tamina Therme,Chur,Bad Ragaz Tamina Therme,Relaxation & Wellness,Afternoon|Evening,indoor,spring|summer|fall|winter,any,"World-class thermal spa fed by 36.5°C Tamina source water with brine pool, saunas, and treatments.",1,47.005800,9.504200
Chur - Lenzerheide Globi Park,Chur,Lenzerheide Globi Park,Culture & History,Morning|Afternoon,outdoor,summer,clear,"Family-friendly Globi children's park with climbing, water play, and the Globi statue at the lake.",4,46.724200,9.558900
Chur - Lenzerheide Heidsee Pedalo,Chur,Lenzerheide Heidsee Pedalo,Outdoor & Nature,Morning|Afternoon,outdoor,summer,clear,Pedalo or SUP rental at the warm Heidsee lake in Lenzerheide for a sunny family afternoon.,4,46.724200,9.558900
Chur - Klosters Madrisa Family Trail,Chur,Klosters Madrisa Family Trail,Outdoor & Nature,Morning|Afternoon,outdoor,summer|fall,clear,"Family-friendly Madrisa-Land at the 1880 m mountain station with animals, slides, and treasure hunts.",4,46.874200,9.891900
Chur - Filisur Landwasser Bridge Trail,Chur,Filisur Landwasser Bridge Trail,Outdoor & Nature,Morning|Afternoon,outdoor,spring|summer|fall,clear|rainy,Walk from Filisur village to the wow viewpoint of UNESCO Landwasser Viaduct curving over the gorge.,4,46.674700,9.675000
Chur - Heidi Path Maienfeld,Chur,Heidi Path Maienfeld,Outdoor & Nature,Morning|Afternoon,outdoor,spring|summer|fall,clear|rainy,Walk the original Heidi Path from Heididorf up through alpine meadows to Heidialp summer hut.,4,46.998100,9.533300
Chur - Surselva Falera Megalith,Chur,Surselva Falera Megalith,Culture & History,Morning|Afternoon,outdoor,summer|fall,clear|rainy,"Climb to the prehistoric Falera megalithic stone alignment, Switzerland's mini-Stonehenge.",4,46.794400,9.240300
St. Gallen - Abbey Library Stiftsbibliothek,St. Gallen,Abbey Library Stiftsbibliothek,Culture & History,Morning|Afternoon,indoor,spring|summer|fall|winter,any,UNESCO Rococo library with 170 000 volumes and the Egyptian mummy Schepenese — world treasure.,7,47.423900,9.376900
St. Gallen - Cathedral & Abbey District Walk,St. Gallen,Cathedral & Abbey District Walk,Culture & History,Morning|Afternoon,outdoor,spring|summer|fall|winter,clear|rainy,Walk the UNESCO ensemble around the twin-towered Baroque cathedral and adjoining abbey buildings.,7,47.424200,9.376900
St. Gallen - Stadtlounge Red Carpet,St. Gallen,Stadtlounge Red Carpet,Culture & History,Morning|Afternoon,outdoor,spring|summer|fall|winter,clear|rainy,Quirky outdoor 'living room' in the banking district with red poured-rubber floor and giant lamps.,7,47.423100,9.373600
St. Gallen - Old Town Erker Balcony Walk,St. Gallen,Old Town Erker Balcony Walk,Culture & History,Morning|Afternoon,outdoor,spring|summer|fall|winter,clear|rainy,Self-guided walk past 111 painted oriel-window balconies in the medieval old town of St. Gallen.,7,47.423900,9.373600
St. Gallen - Textilmuseum Textile Museum,St. Gallen,Textilmuseum Textile Museum,Culture & History,Morning|Afternoon,indoor,spring|summer|fall|winter,any,St. Gallen's lace and embroidery heritage with hand-stitched samples used by Dior and Chanel.,7,47.424200,9.372200
St. Gallen - Olma Trade Fair Bratwurst,St. Gallen,Olma Trade Fair Bratwurst,Food & Drink,Morning|Afternoon|Evening,outdoor,fall,clear|rainy,"10-day October agricultural fair Olma with bratwurst, fairgrounds, and prize-cow parade in Halle 9.",1,47.419700,9.392200
St. Gallen - Drei Weieren Hill Pools,St. Gallen,Drei Weieren Hill Pools,Relaxation & Wellness,Morning|Afternoon,outdoor,summer,clear,Three connected hilltop natural lake pools above the city with Art-Deco bath houses and forest.,4,47.425000,9.351400
St. Gallen - Mühleggbahn Funicular,St. Gallen,Mühleggbahn Funicular,Outdoor & Nature,Morning|Afternoon,outdoor,spring|summer|fall|winter,clear|rainy,Take the 1893 funicular from Mülenenschlucht up to the Drei Weieren hill — view of city.,4,47.428600,9.369200
St. Gallen - Säntis Schwägalp Day Trip,St. Gallen,Säntis Schwägalp Day Trip,Outdoor & Nature,Morning|Afternoon|Evening,outdoor,spring|summer|fall,clear,Bus to Schwägalp then cable car up to 2502 m Säntis summit with 6-country view across the Alps.,1,47.249700,9.343100
St. Gallen - Appenzeller Schaukäserei Day,St. Gallen,Appenzeller Schaukäserei Day,Culture & History,Morning|Afternoon,indoor,spring|summer|fall|winter,any,Cheese show-dairy in Stein with traditional Appenzeller cheese-making demonstration and tasting.,1,47.355600,9.361100
St. Gallen - Botanical Garden St. Gallen,St. Gallen,Botanical Garden St. Gallen,Outdoor & Nature,Morning|Afternoon,outdoor,spring|summer|fall,clear|rainy,Free 1.6-hectare botanical garden in Neudorf with 8000 plant species and tropical greenhouses.,4,47.429700,9.394700
St. Gallen - Wildpark Peter und Paul,St. Gallen,Wildpark Peter und Paul,Outdoor & Nature,Morning|Afternoon,outdoor,spring|summer|fall,clear|rainy,"Free hilltop wildlife park with deer, ibex, and lynx and a panoramic restaurant.",4,47.435600,9.352500
St. Gallen - Marktplatz Saturday Market,St. Gallen,Marktplatz Saturday Market,Food & Drink,Morning,outdoor,spring|summer|fall,clear|rainy,"Wednesday and Saturday weekly farmers market on Marktplatz with local cheese, breads, and produce.",4,47.423100,9.375300
St. Gallen - Bratwurst with Bürli Lunch,St. Gallen,Bratwurst with Bürli Lunch,Food & Drink,Morning|Afternoon,outdoor,spring|summer|fall|winter,clear|rainy,Try St. Gallen's iconic veal bratwurst with a crusty bürli roll — no mustard — at Marktplatz stand.,4,47.423100,9.375300
St. Gallen - St. Gallen Beer Brewery Schützengarten,St. Gallen,St. Gallen Beer Brewery Schützengarten,Food & Drink,Afternoon|Evening,indoor,spring|summer|fall|winter,any,"Tour Switzerland's oldest brewery Schützengarten with a tasting of pilsner, naturtrüb, and seasonals.",4,47.425000,9.375300
St. Gallen - Tschudi Brewery Visit,St. Gallen,Tschudi Brewery Visit,Food & Drink,Afternoon|Evening,indoor,spring|summer|fall|winter,any,Craft brewery Erbsmehlerei in the Sittertobel district with mixed-cooking weisses and pale ales.,4,47.422200,9.361100
St. Gallen - GBS Live Music Splügen,St. Gallen,GBS Live Music Splügen,Nightlife & Entertainment,Evening,indoor,spring|summer|fall|winter,any,Live jazz and rock venue Splügen with weekly bands in Linsebühl quarter.,4,47.423100,9.375300
St. Gallen - Grabenhalle Concert Hall,St. Gallen,Grabenhalle Concert Hall,Nightlife & Entertainment,Evening,indoor,spring|summer|fall|winter,any,Independent music venue and club Grabenhalle with indie rock and electronic events most weekends.,4,47.423100,9.367500
St. Gallen - Säntispark Aquapark Day,St. Gallen,Säntispark Aquapark Day,Relaxation & Wellness,Morning|Afternoon|Evening,indoor,spring|summer|fall|winter,any,"Indoor adventure-pool, slides, and saunas at Säntispark in Abtwil, just outside St. Gallen.",1,47.434400,9.319700
St. Gallen - Wasserspielspielanlage Family,St. Gallen,Wasserspielspielanlage Family,Outdoor & Nature,Morning|Afternoon,outdoor,summer,clear,Free outdoor water playground for kids at the Drei Weieren upper pool in summer afternoons.,4,47.425000,9.351400
St. Gallen - St. Galler Strudel Café Klosterhof,St. Gallen,St. Galler Strudel Café Klosterhof,Food & Drink,Afternoon|Evening,indoor,spring|summer|fall|winter,any,Try the local apple strudel and Biber gingerbread in Café Klosterhof beside the cathedral.,4,47.424200,9.375300
St. Gallen - Bodensee Boat Romanshorn,St. Gallen,Bodensee Boat Romanshorn,Outdoor & Nature,Morning|Afternoon|Evening,outdoor,spring|summer,clear,Train to Romanshorn then lake-ferry to Friedrichshafen Germany for a full Bodensee day.,1,47.565800,9.378100
St. Gallen - Wildhaus Heidi Birthplace,St. Gallen,Wildhaus Heidi Birthplace,Culture & History,Morning|Afternoon,outdoor,spring|summer|fall,clear|rainy,Visit reformer Ulrich Zwingli's birthplace farmhouse in Toggenburg's Wildhaus village.,1,47.204200,9.352200
St. Gallen - Toggenburg Klangwelt Klangweg,St. Gallen,Toggenburg Klangwelt Klangweg,Outdoor & Nature,Morning|Afternoon,outdoor,summer|fall,clear,"Easy mountain Sound Trail Klangweg with 25 sound-art instruments above Wildhaus, 3 km long.",4,47.195800,9.368100
St. Gallen - Rorschach Lakefront Walk,St. Gallen,Rorschach Lakefront Walk,Outdoor & Nature,Morning|Afternoon,outdoor,spring|summer|fall,clear|rainy,Quick train to Rorschach on Lake Constance for a baroque-village lakefront stroll.,4,47.478300,9.487800
St. Gallen - Stadttheater St. Gallen Show,St. Gallen,Stadttheater St. Gallen Show,Nightlife & Entertainment,Evening,indoor,spring|summer|fall|winter,any,"Catch an opera, ballet, or contemporary play at the Brutalist Stadttheater near the central station.",4,47.422500,9.370000
St. Gallen - Olma Pärli Christmas Lights,St. Gallen,Olma Pärli Christmas Lights,Culture & History,Evening,outdoor,winter,any,Walk Multergasse and Spisergasse streets glowing with winter LED art from late November.,1,47.423100,9.375300
St. Gallen - Appenzell Bahn Vintage Train,St. Gallen,Appenzell Bahn Vintage Train,Culture & History,Morning|Afternoon,outdoor,spring|summer|fall,clear|rainy,Take the narrow-gauge Appenzeller Bahnen vintage train from St. Gallen to Gais and back.,4,47.422500,9.370000
Appenzell - Hauptgasse Painted Façades Walk,Appenzell,Hauptgasse Painted Façades Walk,Culture & History,Morning|Afternoon,outdoor,spring|summer|fall|winter,clear|rainy,"Stroll the village main street past the painted-fronted Adler, Hecht, and Löwen inns.",7,47.330600,9.407800
Appenzell - Liner Museum Modern Art,Appenzell,Liner Museum Modern Art,Culture & History,Morning|Afternoon,indoor,spring|summer|fall|winter,any,Modern wooden museum with rotating shows of Carl August and Carl Walter Liner alpine art.,7,47.328900,9.409700
Appenzell - Brauerei Locher Bar Visit,Appenzell,Brauerei Locher Bar Visit,Food & Drink,Afternoon|Evening,indoor,spring|summer|fall|winter,any,Tour of family Locher Brewery making Quöllfrisch beer with tastings at the brewery bar.,4,47.330300,9.411700
Appenzell - Goba Mineral Spring Visit,Appenzell,Goba Mineral Spring Visit,Food & Drink,Morning|Afternoon,indoor,spring|summer|fall|winter,any,Tour the Goba mineral water and Flauder herbal drinks bottling plant in Gontenbad.,1,47.350000,9.383300
Appenzell - Appenzeller Volkskunde Museum,Appenzell,Appenzeller Volkskunde Museum,Culture & History,Morning|Afternoon,indoor,spring|summer|fall|winter,any,"Folk-art museum on Hauptgasse with traditional Appenzeller embroidery, costumes, and naive paintings.",7,47.330600,9.407800
Appenzell - Schloss Hochenburg Walk,Appenzell,Schloss Hochenburg Walk,Outdoor & Nature,Morning|Afternoon,outdoor,spring|summer|fall,clear|rainy,Easy 1-hour walk from Appenzell village up to the ruined Hochenburg castle viewpoint.,4,47.325800,9.408300
Appenzell - Wienenboden Cliff Restaurant,Appenzell,Wienenboden Cliff Restaurant,Food & Drink,Morning|Afternoon,outdoor,spring|summer|fall,clear,Lunch at Berggasthaus Aescher built into the Ebenalp cliff — a global postcard since 1846.,4,47.280600,9.418100
Appenzell - Kronberg Park Adventure,Appenzell,Kronberg Park Adventure,Adventure & Sports,Morning|Afternoon,outdoor,summer|fall,clear,"Family rope park, summer toboggan, and bobsled rides on Kronberg mountain near Jakobsbad.",4,47.315800,9.275000
Appenzell - Hundwil Sennenball Folklore,Appenzell,Hundwil Sennenball Folklore,Culture & History,Evening,outdoor,fall,clear|rainy,Traditional Appenzell folk-dance ball in Hundwil with Streichmusik strings and Schuhplattler.,1,47.349200,9.316900
Appenzell - Ebenalp Cable Car Sunset,Appenzell,Ebenalp Cable Car Sunset,Outdoor & Nature,Afternoon|Evening,outdoor,spring|summer|fall,clear,Late cable car to Ebenalp summit ridge at golden hour for the iconic Alpstein panorama.,4,47.285800,9.398900
Appenzell - Säntis Sunrise Visit,Appenzell,Säntis Sunrise Visit,Outdoor & Nature,Morning,outdoor,spring|summer|fall|winter,clear|snowy,First cable car of the day from Schwägalp up Säntis to catch sunrise over six countries.,4,47.249700,9.343100
Appenzell - Kronberg Toboggan Bahn,Appenzell,Kronberg Toboggan Bahn,Adventure & Sports,Morning|Afternoon,outdoor,summer|fall,clear,"Switzerland's longest sledge run, 1100 m of steel curves down from the Kronberg summit station.",4,47.315800,9.275000
Appenzell - Bear Trail Urnäsch Walk,Appenzell,Bear Trail Urnäsch Walk,Outdoor & Nature,Morning|Afternoon,outdoor,spring|summer|fall,clear|rainy,Family-friendly themed trail outside Urnäsch village with 12 wooden bear sculptures.,4,47.307200,9.282800
Appenzell - Maestrani Chocolarium Flawil,Appenzell,Maestrani Chocolarium Flawil,Food & Drink,Morning|Afternoon,indoor,spring|summer|fall|winter,any,Interactive chocolate experience near Flawil with tastings on the production line at Maestrani.,1,47.411700,9.190800
Appenzell - Stein Schaukäserei Cheese,Appenzell,Stein Schaukäserei Cheese,Food & Drink,Morning|Afternoon,indoor,spring|summer|fall|winter,any,Cheese show-dairy in Stein village with daily live demonstrations of Appenzeller production.,1,47.355600,9.361100
Appenzell - Alpenbitter Distillery Tour,Appenzell,Alpenbitter Distillery Tour,Food & Drink,Morning|Afternoon,indoor,spring|summer|fall|winter,any,"Visit the Appenzeller Alpenbitter distillery, taste 42 botanical liqueur, free entry on weekdays.",4,47.330600,9.411700
Appenzell - Säntis Mountain Bike Loop,Appenzell,Säntis Mountain Bike Loop,Adventure & Sports,Morning|Afternoon|Evening,outdoor,summer|fall,clear,Marked 38 km mountain bike loop through alps from Schwägalp via Wasserauen back to Appenzell.,1,47.249700,9.343100
Appenzell - Hoher Kasten Family Hike,Appenzell,Hoher Kasten Family Hike,Adventure & Sports,Morning|Afternoon,outdoor,summer|fall,clear,Family ridge hike from Hoher Kasten cable car to Stauberen mountain inn with sweeping Alpstein views.,4,47.290000,9.458300
Appenzell - Marbach Vorderberg Cycling,Appenzell,Marbach Vorderberg Cycling,Adventure & Sports,Morning|Afternoon|Evening,outdoor,summer|fall,clear,Quiet 45 km road cycle from Appenzell over Stoss Pass to Lake Constance and back via Werdenberg.,1,47.330600,9.407800
Appenzell - Gontenbad Family Pool,Appenzell,Gontenbad Family Pool,Relaxation & Wellness,Morning|Afternoon,outdoor,summer,clear,Small village public swimming pool with kids' slides and a mountain backdrop at Gontenbad.,4,47.350000,9.383300
Appenzell - Forstseeli Forest Bath,Appenzell,Forstseeli Forest Bath,Relaxation & Wellness,Morning|Afternoon,outdoor,spring|summer|fall,clear|rainy,Wild forest bathing experience around the secluded Forstseeli pond above Schwende.,4,47.270000,9.425000
Appenzell - Säntis Park Hotel Wellness,Appenzell,Säntis Park Hotel Wellness,Relaxation & Wellness,Afternoon|Evening,indoor,spring|summer|fall|winter,any,"Day pass at Säntis Park Hotel in Urnäsch with indoor pool, hammam, and saltwater grotto.",4,47.307200,9.282800
Appenzell - Frauenmusig Streichmusig Bar,Appenzell,Frauenmusig Streichmusig Bar,Nightlife & Entertainment,Evening,indoor,spring|summer|fall|winter,any,Catch Streichmusik string-band Appenzeller folk evening at Gasthaus Bären in Hundwil.,4,47.349200,9.316900
Appenzell - Appenzell Käseschaubacken,Appenzell,Appenzell Käseschaubacken,Food & Drink,Morning|Afternoon,indoor,spring|summer|fall|winter,any,Bake your own Appenzeller cheese tartlet at a guided workshop in Stein village.,4,47.355600,9.361100
Appenzell - Säntis Cheese Cave,Appenzell,Säntis Cheese Cave,Food & Drink,Morning|Afternoon,indoor,spring|summer|fall|winter,any,"Visit the Säntis Schaukäserei in Schwägalp, watch cheese-makers from a glass corridor, tastings.",1,47.249700,9.343100
Appenzell - Wasserauen Seealpsee Hike,Appenzell,Wasserauen Seealpsee Hike,Adventure & Sports,Morning|Afternoon|Evening,outdoor,summer|fall,clear,"Strenuous 6-hour hike from Wasserauen up to Seealpsee, Meglisalp, and Ebenalp ridge.",1,47.285800,9.398900
Appenzell - Urnäsch Bauernmuseum,Appenzell,Urnäsch Bauernmuseum,Culture & History,Morning|Afternoon,indoor,spring|summer|fall|winter,any,Folk-life museum in 1700 century farmhouse showing Appenzeller daily life and embroidery.,4,47.307200,9.282800
Appenzell - Lake Constance Day Trip,Appenzell,Lake Constance Day Trip,Outdoor & Nature,Morning|Afternoon|Evening,outdoor,spring|summer|fall,clear|rainy,Train down to Rorschach for a lake-ferry day on the Bodensee crossing to Germany or Austria.,1,47.478300,9.487800
